ticker,avg_sentiment,sentiment_volatility,mention_count,avg_confidence
A,-0.127,0.521,3391,0.795
AA,-0.737,0.373,6,0.855
AB,-0.131,0.649,32,0.803
ABATE,0.099,0.844,5,0.75
ABB,0.095,0.589,14,0.745
ABBV,0.073,0.675,21,0.823
ABE,0.258,0.482,23,0.798
ABLE,0.195,0.593,16,0.816
ABU,-0.186,0.601,21,0.836
ABUSE,-0.543,0.461,30,0.816
ACCOR,-0.332,0.582,6,0.782
ACT,-0.033,0.491,80,0.752
ACTED,-0.139,0.341,6,0.717
ACTS,-0.202,0.588,5,0.735
AD,-0.172,0.633,159,0.833
ADAM,-0.454,0.396,13,0.729
ADANI,-0.337,0.553,38,0.788
ADAPT,0.178,0.31,11,0.714
ADD,0.068,0.562,79,0.791
ADDED,-0.053,0.655,23,0.781
ADDS,-0.078,0.625,141,0.823
ADM,-0.213,0.7,12,0.834
ADMIT,-0.341,0.38,8,0.759
ADNOC,0.449,0.437,7,0.766
ADOBE,0.2,0.582,18,0.878
ADOPT,0.084,0.348,11,0.776
ADP,-0.28,0.433,9,0.739
ADS,-0.355,0.476,88,0.793
AETNA,-0.154,0.623,18,0.754
AFP,-0.647,0.35,6,0.753
AG,-0.011,0.505,25,0.818
AGE,-0.07,0.317,59,0.849
AGED,-0.039,0.193,25,0.794
AGENT,-0.423,0.418,13,0.829
AGING,-0.216,0.694,8,0.769
AGM,-0.456,0.439,30,0.814
AGO,-0.271,0.629,20,0.814
AGREE,0.167,0.592,111,0.771
AGS,-0.112,0.274,6,0.872
AHEAD,-0.041,0.599,481,0.8
AHOLD,0.033,0.828,8,0.863
AI,0.119,0.395,48,0.774
AID,-0.02,0.613,191,0.77
AIDE,-0.238,0.36,18,0.795
AIDED,0.16,0.808,6,0.824
AIDES,-0.343,0.391,6,0.795
AIDS,0.027,0.626,5,0.735
AIG,-0.15,0.642,27,0.86
AIM,-0.123,0.487,54,0.78
AIMED,0.099,0.41,23,0.747
AIMS,0.32,0.485,165,0.799
AIR,-0.156,0.639,453,0.817
AIRES,-0.489,0.449,5,0.834
AL,0.307,0.431,14,0.846
ALARM,-0.657,0.361,29,0.8
ALCOA,0.017,0.787,5,0.765
ALDI,0.104,0.614,25,0.823
ALERT,-0.336,0.497,19,0.814
ALEX,-0.139,0.31,5,0.692
ALEXA,0.051,0.411,13,0.826
ALIVE,-0.019,0.466,13,0.746
ALLAY,0.129,0.75,8,0.757
ALLEN,-0.008,0.434,9,0.826
ALLOW,0.08,0.36,45,0.776
ALLY,-0.284,0.351,14,0.728
ALONE,-0.057,0.512,27,0.753
ALONG,0.337,0.693,15,0.831
ALSO,0.002,0.574,23,0.801
ALTER,-0.23,0.398,7,0.831
AM,-0.082,0.44,27,0.763
AMBER,0.097,0.613,5,0.723
AMC,-0.063,0.773,7,0.835
AMD,-0.06,0.752,17,0.864
AMEX,0.202,0.776,13,0.843
AMGEN,-0.122,0.558,18,0.841
AMID,-0.49,0.653,798,0.843
AMP,-0.617,0.432,19,0.845
AMPLE,0.492,0.664,7,0.836
AMS,0.041,0.506,22,0.778
AN,-0.092,0.464,293,0.783
ANA,-0.143,0.685,9,0.836
ANDY,-0.236,0.324,5,0.756
ANGER,-0.703,0.413,46,0.86
ANGLO,-0.173,0.712,9,0.815
ANGRY,-0.874,0.118,13,0.874
ANGST,-0.434,0.773,6,0.807
ANNA,-0.389,0.435,22,0.729
ANT,0.089,0.252,17,0.849
ANTI,-0.289,0.527,109,0.771
ANZ,-0.734,0.374,16,0.869
APART,-0.254,0.532,11,0.824
APEC,-0.269,0.815,7,0.856
APP,-0.145,0.53,104,0.81
APPLE,-0.134,0.591,673,0.813
APPLY,-0.022,0.452,21,0.805
APPS,-0.282,0.481,45,0.816
APRIL,-0.302,0.672,148,0.854
APRON,-0.163,0.74,8,0.891
AR,0.102,0.229,5,0.747
ARCH,-0.488,0.606,6,0.772
ARE,-0.214,0.486,880,0.792
AREA,-0.142,0.586,25,0.854
AREAS,-0.266,0.624,21,0.833
AREN,-0.12,0.305,28,0.836
ARGOS,-0.578,0.527,5,0.886
ARM,-0.14,0.567,51,0.833
ARMS,-0.137,0.684,22,0.864
ARMY,-0.226,0.654,15,0.768
ART,0.048,0.502,32,0.784
ARTS,-0.351,0.44,12,0.791
AS,-0.331,0.669,5712,0.829
ASAHI,-0.163,0.365,5,0.874
ASDA,-0.31,0.551,90,0.834
ASIA,0.002,0.665,158,0.821
ASIAN,-0.284,0.672,71,0.796
ASIC,-0.605,0.435,10,0.826
ASIDE,-0.166,0.416,33,0.8
ASK,-0.063,0.4,85,0.794
ASKED,-0.078,0.418,47,0.818
ASKS,-0.209,0.505,142,0.776
ASO,-0.011,0.692,8,0.813
ASOS,-0.13,0.696,23,0.813
ASSET,-0.212,0.571,70,0.852
ASTON,-0.191,0.575,87,0.82
ATM,-0.559,0.402,7,0.763
ATMS,-0.63,0.352,6,0.78
AUDI,-0.237,0.567,78,0.83
AUDIO,-0.166,0.316,21,0.788
AUDIT,-0.378,0.483,66,0.788
AUG,-0.011,0.59,6,0.809
AUTO,-0.284,0.669,300,0.825
AUTOS,-0.145,0.631,32,0.834
AVERT,-0.001,0.59,32,0.775
AVIVA,-0.266,0.606,15,0.853
AVOID,-0.198,0.549,124,0.768
AWAIT,-0.245,0.525,25,0.767
AWARD,-0.116,0.705,20,0.837
AWARE,-0.073,0.251,12,0.814
AWAY,-0.333,0.475,119,0.787
AX,-0.104,0.659,5,0.74
AXA,-0.017,0.697,7,0.812
AXE,-0.708,0.428,44,0.87
AXED,-0.798,0.453,11,0.9
AXEL,-0.064,0.487,5,0.787
AXES,-0.627,0.424,17,0.842
AXON,0.193,0.662,6,0.767
AXP,-0.229,0.553,32,0.738
AZUL,0.072,0.575,7,0.84
B,0.066,0.576,19,0.84
BA,-0.21,0.579,8208,0.796
BABY,-0.28,0.548,46,0.799
BAC,-0.153,0.595,1433,0.779
BACK,-0.138,0.583,673,0.764
BACKS,-0.213,0.516,120,0.742
BACON,0.076,0.585,7,0.78
BADLY,-0.742,0.527,8,0.882
BAE,0.387,0.562,15,0.852
BAER,-0.37,0.554,10,0.801
BAG,-0.225,0.677,31,0.845
BAGS,-0.046,0.597,23,0.814
BAIC,0.241,0.416,7,0.816
BAIDU,0.3,0.407,10,0.735
BAIL,-0.221,0.487,51,0.719
BAIN,0.098,0.481,17,0.787
BAKED,-0.189,0.261,5,0.606
BAKER,-0.445,0.46,52,0.832
BALK,-0.955,0.006,5,0.955
BALL,-0.044,0.339,13,0.764
BAML,-0.194,0.376,13,0.779
BAN,-0.353,0.514,300,0.757
BANCO,-0.178,0.595,9,0.832
BAND,0.0,0.0,5,0.727
BANK,-0.254,0.551,1231,0.808
BANKS,-0.164,0.56,494,0.787
BANS,-0.637,0.325,85,0.769
BAR,-0.248,0.557,28,0.785
BARE,-0.067,0.47,6,0.702
BARRA,-0.029,0.635,5,0.835
BARS,-0.468,0.466,26,0.795
BASE,-0.015,0.69,27,0.806
BASED,-0.062,0.51,125,0.817
BASF,0.103,0.447,8,0.776
BASIC,-0.05,0.564,8,0.791
BASIS,-0.065,0.461,10,0.784
BAT,-0.362,0.608,13,0.773
BATH,-0.434,0.451,20,0.846
BAY,-0.083,0.613,21,0.825
BAYER,-0.084,0.597,138,0.799
BBC,-0.344,0.413,33,0.816
BBG,-0.241,0.692,5,0.858
BBL,0.013,0.86,9,0.795
BE,-0.134,0.467,1416,0.792
BEACH,0.053,0.523,7,0.795
BEAR,-0.411,0.499,57,0.839
BEARS,-0.334,0.41,19,0.791
BEAST,-0.316,0.598,20,0.838
BEAT,0.306,0.693,160,0.818
BEATS,0.491,0.626,189,0.823
BED,-0.382,0.454,21,0.855
BEEF,0.079,0.616,34,0.809
BEEFS,0.241,0.724,6,0.802
BEEN,-0.238,0.562,115,0.789
BEER,-0.172,0.597,62,0.835
BEERS,-0.087,0.651,11,0.843
BEGAN,-0.46,0.757,6,0.892
BEGIN,-0.142,0.504,55,0.831
BEGUN,0.133,0.598,9,0.767
BEING,-0.346,0.481,126,0.786
BELL,-0.093,0.595,21,0.762
BELLA,-0.468,0.452,5,0.793
BELLS,-0.231,0.318,5,0.606
BELT,-0.064,0.544,23,0.817
BEN,-0.053,0.167,10,0.743
BENZ,0.125,0.73,29,0.827
BEST,0.174,0.511,185,0.797
BET,-0.026,0.491,95,0.759
BETS,0.027,0.575,114,0.754
BEZOS,-0.047,0.332,60,0.791
BHP,-0.264,0.593,31,0.8
BHS,-0.458,0.45,21,0.81
BIAS,-0.44,0.49,27,0.821
BID,-0.071,0.55,415,0.783
BIDEN,0.027,0.602,14,0.749
BIDS,0.058,0.355,45,0.764
BIKE,0.099,0.599,32,0.813
BIKES,0.023,0.602,19,0.777
BILD,-0.205,0.316,9,0.751
BILL,-0.112,0.598,172,0.763
BILLS,-0.253,0.685,66,0.821
BIN,-0.261,0.446,7,0.802
BINGE,-0.369,0.505,5,0.796
BINGO,-0.57,0.52,5,0.927
BIRD,-0.222,0.394,7,0.769
BIRTH,-0.115,0.551,7,0.736
BIS,-0.185,0.533,10,0.777
BIT,0.061,0.479,20,0.789
BITE,-0.438,0.611,45,0.814
BITES,-0.779,0.356,42,0.866
BLACK,-0.213,0.525,163,0.817
BLAME,-0.41,0.441,48,0.791
BLANK,-0.043,0.608,7,0.756
BLAST,-0.685,0.35,16,0.826
BLEAK,-0.811,0.34,21,0.924
BLIND,-0.164,0.654,6,0.859
BLITZ,-0.292,0.64,8,0.803
BLN,0.113,0.694,9,0.774
BLOCK,-0.45,0.501,103,0.797
BLOG,-0.306,0.621,14,0.845
BLOOD,-0.232,0.498,27,0.822
BLOW,-0.481,0.617,87,0.811
BLOWN,-0.381,0.46,6,0.658
BLUE,-0.06,0.536,35,0.806
BLUES,0.159,0.724,9,0.779
BMW,-0.115,0.614,146,0.815
BNP,-0.403,0.55,12,0.841
BNY,-0.58,0.63,8,0.841
BOARD,-0.211,0.43,436,0.819
BOAT,0.0,0.487,8,0.863
BOB,-0.274,0.397,14,0.808
BOC,-0.072,0.653,8,0.714
BODY,-0.275,0.525,82,0.787
BOE,-0.13,0.613,22,0.759
BOFA,0.074,0.646,19,0.8
BOGUS,-0.602,0.469,6,0.833
BOJ,-0.236,0.658,26,0.83
BOLD,0.174,0.462,17,0.796
BOLT,-0.054,0.705,7,0.72
BOMB,-0.347,0.479,5,0.865
BOND,-0.197,0.637,198,0.812
BONDS,-0.272,0.631,82,0.819
BONUS,-0.298,0.652,78,0.815
BOOK,-0.069,0.538,53,0.806
BOOKS,-0.083,0.586,27,0.857
BOOM,0.11,0.607,108,0.778
BOOMS,0.114,0.8,12,0.796
BOON,0.286,0.534,14,0.806
BOOST,0.57,0.553,385,0.82
BOOTS,-0.451,0.542,22,0.877
BOOZE,0.0,0.0,8,0.748
BORIS,-0.104,0.447,112,0.773
BORN,-0.073,0.36,11,0.766
BORS,0.415,0.514,10,0.734
BOSCH,-0.244,0.596,18,0.792
BOSS,-0.325,0.484,455,0.781
BOTOX,0.211,0.655,7,0.802
BOUND,-0.164,0.489,11,0.795
BOW,-0.16,0.684,6,0.845
BOWL,0.026,0.497,7,0.784
BOWS,-0.336,0.443,14,0.688
BOX,0.08,0.588,75,0.807
BOXES,-0.105,0.298,17,0.846
BOY,-0.128,0.446,9,0.844
BOYS,-0.478,0.46,7,0.836
BP,-0.155,0.575,117,0.813
BPD,-0.263,0.718,25,0.8
BRACE,-0.452,0.551,44,0.78
BRAIN,-0.072,0.636,7,0.713
BRAKE,-0.571,0.457,9,0.84
BRAND,0.012,0.518,139,0.806
BRAVE,-0.171,0.293,7,0.752
BREAD,0.109,0.595,8,0.82
BREAK,-0.216,0.475,105,0.779
BREED,0.116,0.329,8,0.872
BRENT,-0.343,0.772,32,0.85
BREWS,0.09,0.566,6,0.637
BRIAN,0.125,0.597,8,0.827
BRIBE,-0.191,0.355,8,0.717
BRIEF,-0.058,0.207,84,0.842
BRING,0.013,0.556,85,0.788
BRINK,-0.648,0.474,40,0.813
BRITS,-0.365,0.652,5,0.736
BRO,-0.481,0.349,7,0.683
BROAD,0.213,0.682,17,0.785
BROKE,-0.293,0.585,19,0.745
BROS,-0.328,0.601,7,0.84
BROWN,-0.024,0.522,17,0.773
BRUNT,-0.85,0.165,6,0.85
BT,-0.167,0.506,70,0.787
BUCK,0.205,0.37,7,0.789
BUCKS,0.151,0.827,14,0.833
BUG,-0.346,0.481,11,0.869
BUILD,0.057,0.576,185,0.774
BUILT,-0.057,0.41,39,0.799
BULL,-0.042,0.507,58,0.774
BULLS,-0.232,0.502,14,0.8
BUMP,-0.298,0.672,17,0.758
BUMPY,-0.174,0.716,7,0.794
BUNCH,0.008,0.717,6,0.822
BUOY,0.657,0.36,11,0.779
BURN,-0.259,0.751,17,0.82
BURST,-0.213,0.469,10,0.723
BURY,-0.238,0.383,6,0.78
BUS,0.024,0.508,30,0.798
BUSES,0.069,0.5,10,0.85
BUST,-0.352,0.481,29,0.801
BUSY,0.217,0.62,8,0.836
BUY,0.067,0.358,713,0.808
BUYER,-0.03,0.531,52,0.788
BUYS,0.026,0.403,133,0.823
BUZZ,-0.065,0.484,6,0.726
BYD,-0.252,0.559,9,0.855
BYRON,-0.444,0.363,6,0.67
C,-0.19,0.592,47314,0.806
CAB,-0.154,0.377,6,0.841
CABIN,-0.578,0.544,42,0.861
CABLE,-0.086,0.579,24,0.792
CAFE,-0.207,0.441,11,0.692
CAFES,-0.232,0.421,12,0.842
CAIN,-0.325,0.45,5,0.821
CALL,-0.198,0.534,276,0.769
CALLS,-0.223,0.563,368,0.77
CAME,-0.102,0.516,20,0.792
CANAL,0.124,0.278,5,0.789
CANS,-0.145,0.635,7,0.891
CAP,-0.183,0.673,89,0.835
CAPEX,-0.566,0.588,13,0.889
CAPRI,-0.336,0.765,6,0.926
CAPS,-0.201,0.638,25,0.773
CAR,-0.24,0.606,493,0.809
CARD,-0.172,0.611,89,0.799
CARDS,-0.292,0.52,33,0.78
CARE,-0.136,0.587,79,0.791
CARES,0.06,0.536,5,0.743
CARGO,-0.185,0.69,20,0.886
CARL,0.023,0.498,10,0.798
CARRY,0.051,0.391,21,0.814
CARS,-0.069,0.567,315,0.806
CASE,-0.333,0.512,383,0.763
CASES,-0.3,0.674,120,0.794
CASH,-0.103,0.638,335,0.801
CAST,-0.558,0.513,16,0.819
CASTS,-0.706,0.336,27,0.813
CAT,-0.155,0.518,668,0.802
CATCH,-0.273,0.516,27,0.807
CATL,0.342,0.377,10,0.746
CATS,0.154,0.378,6,0.74
CAUSE,-0.643,0.411,43,0.82
CAVE,0.026,0.606,5,0.706
CBD,0.147,0.361,6,0.806
CBI,-0.478,0.633,48,0.85
CBO,-0.631,0.375,5,0.803
CBOE,-0.005,0.768,6,0.857
CBS,-0.222,0.528,74,0.813
CDC,-0.668,0.347,6,0.82
CEASE,-0.876,0.058,8,0.876
CEDE,-0.195,0.435,5,0.93
CELL,0.094,0.543,28,0.796
CELLS,-0.077,0.218,8,0.726
CEOS,-0.15,0.454,65,0.822
CFM,0.177,0.784,5,0.714
CFTC,-0.63,0.404,12,0.823
CHAIN,-0.394,0.55,136,0.84
CHAIR,-0.25,0.435,101,0.798
CHAOS,-0.572,0.494,84,0.851
CHARM,-0.054,0.409,8,0.774
CHART,-0.167,0.661,19,0.79
CHASE,-0.172,0.54,37,0.83
CHAT,0.0,0.0,8,0.828
CHEAP,-0.126,0.483,59,0.778
CHECK,-0.272,0.447,38,0.778
CHEER,-0.062,0.602,24,0.741
CHEF,-0.341,0.436,7,0.785
CHEFS,-0.379,0.476,7,0.828
CHEVY,-0.546,0.502,5,0.789
CHIEF,-0.272,0.483,598,0.795
CHILD,-0.385,0.533,29,0.832
CHILE,-0.27,0.561,37,0.751
CHILL,-0.582,0.489,14,0.777
CHINA,-0.094,0.652,3793,0.799
CHIP,-0.121,0.646,132,0.816
CHIPS,-0.089,0.616,38,0.825
CHRIS,-0.253,0.43,25,0.76
CIGNA,0.161,0.623,17,0.867
CIO,0.279,0.639,6,0.738
CISCO,0.051,0.582,26,0.83
CITES,-0.108,0.714,32,0.816
CITGO,-0.152,0.53,20,0.803
CITI,-0.191,0.631,73,0.862
CITY,-0.221,0.529,192,0.789
CIVIL,-0.145,0.689,18,0.804
CLAIM,-0.428,0.48,89,0.767
CLAMP,-0.66,0.344,6,0.752
CLARK,-0.162,0.609,14,0.832
CLASH,-0.454,0.559,32,0.788
CLASS,-0.485,0.491,74,0.826
CLICK,0.0,0.0,6,0.766
CLIFF,-0.426,0.59,14,0.798
CLIMB,0.02,0.775,59,0.78
CLIP,0.092,0.624,6,0.805
CLIPS,-0.069,0.514,5,0.574
CLOCK,-0.025,0.562,16,0.766
CLOSE,-0.381,0.574,391,0.814
CLOUD,0.037,0.618,133,0.817
CLOUT,0.021,0.716,7,0.824
CLUB,-0.147,0.423,44,0.82
CLUES,-0.076,0.202,7,0.76
CMA,-0.216,0.612,12,0.818
CME,-0.17,0.263,6,0.708
CNBC,-0.151,0.349,70,0.829
CNH,-0.07,0.762,6,0.814
CNN,-0.376,0.415,6,0.749
COACH,-0.617,0.479,6,0.858
COAL,-0.287,0.618,115,0.808
COAST,-0.094,0.581,43,0.782
COCA,-0.054,0.59,44,0.818
COCOA,0.028,0.668,10,0.733
COD,-0.568,0.518,5,0.843
CODE,-0.251,0.476,19,0.807
COHEN,-0.396,0.441,17,0.802
COIN,-0.197,0.631,138,0.83
COINS,-0.251,0.392,9,0.829
COKE,0.228,0.661,8,0.883
COLA,-0.054,0.59,44,0.818
COLES,-0.179,0.747,5,0.849
COLIN,-0.015,0.75,7,0.918
COM,-0.121,0.549,76,0.805
COME,-0.069,0.535,101,0.812
COMES,-0.118,0.42,65,0.818
CON,-0.274,0.42,12,0.801
CONGO,-0.581,0.453,6,0.813
COO,-0.096,0.401,44,0.859
COOK,-0.169,0.492,241,0.797
COOLS,-0.062,0.691,23,0.691
COP,-0.021,0.681,168,0.81
COPA,-0.174,0.854,8,0.864
COPE,-0.109,0.717,27,0.802
COPY,-0.11,0.627,5,0.776
CORE,0.149,0.663,42,0.804
CORN,-0.294,0.741,8,0.859
COST,-0.269,0.62,341,0.797
COSTA,-0.02,0.555,19,0.758
COSTS,-0.295,0.752,284,0.842
COTY,0.117,0.474,13,0.829
COULD,-0.331,0.601,1139,0.821
COUNT,-0.275,0.545,30,0.795
COUP,-0.189,0.458,11,0.707
COURT,-0.459,0.472,573,0.772
COVER,-0.094,0.569,64,0.8
COVID,-0.232,0.665,464,0.816
COW,-0.441,0.467,10,0.82
COX,-0.321,0.439,5,0.69
CRACK,-0.139,0.592,12,0.766
CRAFT,-0.066,0.415,14,0.854
CRASH,-0.366,0.519,250,0.809
CRAZE,0.267,0.653,5,0.841
CRAZY,-0.165,0.503,23,0.761
CREAM,-0.051,0.303,17,0.773
CREW,-0.676,0.43,54,0.872
CRIME,-0.363,0.453,22,0.758
CRISP,0.0,0.0,6,0.83
CROP,-0.514,0.613,9,0.821
CROPS,-0.556,0.463,8,0.86
CROSS,-0.284,0.587,20,0.855
CROWN,-0.161,0.495,70,0.802
CRUDE,-0.204,0.747,172,0.826
CRUEL,-0.468,0.379,6,0.724
CRUSH,-0.188,0.596,7,0.802
CRY,-0.382,0.587,7,0.792
CSX,0.237,0.769,9,0.868
CUBA,-0.578,0.641,11,0.827
CULP,0.216,0.38,7,0.771
CUP,0.048,0.642,48,0.813
CUPS,-0.094,0.552,9,0.802
CURB,-0.158,0.593,60,0.762
CURBS,-0.284,0.705,85,0.802
CURE,-0.02,0.626,12,0.835
CURVE,-0.097,0.584,51,0.74
CUT,-0.496,0.624,923,0.827
CUTS,-0.535,0.611,761,0.839
CVA,-0.397,0.575,9,0.784
CVS,-0.046,0.613,46,0.803
CYBER,-0.214,0.614,40,0.823
CYCLE,-0.133,0.551,23,0.743
CZECH,-0.459,0.45,19,0.86
D,-0.123,0.617,78,0.839
DACRE,-0.279,0.393,5,0.793
DAILY,-0.213,0.603,55,0.827
DAIRY,-0.444,0.471,18,0.805
DALY,0.166,0.545,10,0.817
DAM,-0.47,0.482,19,0.792
DAN,-0.304,0.425,5,0.803
DANCE,0.0,0.0,5,0.883
DARYL,-0.124,0.671,6,0.832
DASH,-0.352,0.638,10,0.776
DATA,-0.227,0.629,632,0.807
DATE,-0.122,0.463,35,0.804
DATES,0.0,0.0,18,0.906
DAVE,0.005,0.401,9,0.831
DAVID,-0.207,0.396,44,0.812
DAVIS,-0.08,0.494,11,0.737
DAVOS,-0.127,0.331,84,0.801
DAY,-0.24,0.595,344,0.805
DAYS,-0.247,0.543,137,0.801
DE,-0.28,0.497,46,0.781
DEAD,-0.154,0.541,32,0.77
DEAL,-0.014,0.608,2385,0.786
DEALS,-0.076,0.584,192,0.793
DEALT,-0.268,0.729,8,0.785
DEAR,-0.27,0.363,7,0.717
DEATH,-0.357,0.399,89,0.77
DEBIT,-0.285,0.558,6,0.68
DEBT,-0.153,0.611,284,0.806
DEBTS,-0.719,0.354,17,0.85
DEBUT,0.134,0.626,70,0.831
DEC,-0.251,0.431,15,0.808
DECK,-0.153,0.7,5,0.833
DEERE,-0.088,0.723,19,0.821
DEFER,-0.397,0.604,7,0.799
DEFY,0.05,0.61,13,0.713
DEI,-0.344,0.473,5,0.807
DEL,0.248,0.392,6,0.834
DELAY,-0.571,0.517,160,0.816
DELL,0.018,0.559,27,0.807
DELTA,-0.108,0.694,91,0.808
DEMS,-0.146,0.665,6,0.859
DENT,-0.724,0.408,27,0.846
DENTS,-0.784,0.495,24,0.915
DENY,-0.174,0.412,11,0.715
DEPOT,-0.186,0.688,32,0.835
DEPT,-0.26,0.428,14,0.798
DER,-0.308,0.491,11,0.802
DESK,0.006,0.607,8,0.85
DEVIL,-0.168,0.376,5,0.847
DHABI,-0.186,0.601,21,0.836
DHL,-0.17,0.684,7,0.738
DIARY,0.0,0.0,5,0.902
DICK,-0.379,0.431,6,0.754
DID,-0.098,0.279,86,0.778
DIDI,-0.207,0.515,19,0.817
DIDN,-0.226,0.418,20,0.748
DIE,-0.213,0.52,20,0.791
DIED,-0.511,0.421,16,0.825
DIES,-0.173,0.325,61,0.776
DIESS,0.122,0.323,7,0.879
DIET,0.0,0.0,8,0.769
DIG,-0.038,0.357,12,0.753
DIGIT,0.374,0.764,15,0.892
DIM,-0.491,0.752,8,0.844
DIMON,-0.063,0.611,23,0.768
DIMS,-0.303,0.786,7,0.841
DINE,-0.102,0.25,6,0.785
DIOR,0.029,0.403,5,0.758
DIP,-0.598,0.606,86,0.893
DIPS,-0.903,0.144,48,0.914
DIRE,-0.423,0.669,8,0.857
DIS,-0.341,0.545,1662,0.817
DISH,-0.029,0.51,22,0.837
DITCH,-0.262,0.568,38,0.776
DIVE,-0.784,0.388,42,0.883
DIVES,-0.781,0.377,22,0.862
DIY,-0.084,0.63,12,0.89
DNA,-0.097,0.238,6,0.843
DO,-0.025,0.376,254,0.808
DODD,-0.102,0.526,5,0.727
DODGE,-0.138,0.436,14,0.762
DOES,-0.123,0.338,164,0.813
DOESN,-0.127,0.374,74,0.837
DOG,-0.268,0.402,12,0.81
DOGS,-0.121,0.297,6,0.871
DOING,0.046,0.584,36,0.816
DOJ,-0.152,0.525,25,0.763
DOLCE,-0.287,0.446,6,0.808
DON,-0.095,0.295,242,0.806
DONE,0.071,0.448,49,0.773
DONOR,-0.087,0.594,12,0.823
DOOM,-0.297,0.409,7,0.668
DOOR,0.034,0.489,29,0.762
DOORS,0.266,0.675,6,0.757
DOS,-0.415,0.44,12,0.8
DOT,-0.073,0.729,7,0.8
DOUBT,-0.523,0.496,42,0.793
DOUG,0.036,0.489,6,0.853
DOUR,-0.955,0.011,7,0.955
DOW,-0.309,0.691,128,0.815
DOWN,-0.562,0.449,634,0.793
DOWNS,0.0,0.0,5,0.892
DOZEN,0.055,0.145,7,0.79
DPD,-0.361,0.57,11,0.758
DR,0.119,0.774,8,0.843
DRAFT,-0.044,0.261,20,0.815
DRAG,-0.643,0.491,39,0.882
DRAGS,-0.825,0.365,37,0.91
DRAMA,-0.154,0.344,11,0.77
DRAW,0.112,0.686,33,0.801
DRAWN,-0.268,0.378,5,0.764
DRAWS,-0.178,0.691,39,0.82
DREAM,-0.061,0.324,32,0.789
DRESS,0.038,0.339,11,0.792
DRIES,-0.316,0.451,5,0.673
DRILL,0.093,0.245,7,0.829
DRINK,0.075,0.533,28,0.8
DRIVE,0.046,0.674,172,0.809
DRONE,-0.375,0.559,26,0.785
DROP,-0.831,0.344,341,0.908
DROPS,-0.742,0.401,182,0.867
DROVE,-0.602,0.457,9,0.823
DRUG,0.043,0.596,185,0.785
DRUGS,0.041,0.518,60,0.832
DU,-0.355,0.487,5,0.892
DUAL,-0.125,0.555,8,0.851
DUBAI,-0.2,0.573,33,0.824
DUE,-0.771,0.421,315,0.903
DUMP,-0.391,0.422,12,0.72
DUMPS,-0.835,0.121,9,0.835
DUTCH,-0.15,0.542,94,0.795
DUTY,-0.207,0.617,31,0.825
DYING,-0.296,0.373,12,0.762
DYSON,0.001,0.31,19,0.839
E,-0.186,0.564,238,0.809
EA,0.205,0.84,7,0.867
EAGER,0.631,0.369,5,0.801
EAGLE,-0.214,0.743,5,0.873
EARLY,-0.129,0.545,163,0.802
EARN,-0.238,0.398,18,0.875
EARNS,0.103,0.775,5,0.761
EARTH,-0.017,0.458,34,0.786
EASE,0.199,0.66,120,0.749
EASED,0.389,0.681,7,0.877
EASES,0.25,0.661,67,0.736
EAST,-0.244,0.573,80,0.795
EASY,-0.146,0.387,32,0.784
EAT,-0.079,0.391,54,0.816
EATS,-0.304,0.521,16,0.84
EBAY,-0.197,0.558,45,0.82
EBB,-0.643,0.465,12,0.758
EBBS,-0.342,0.769,6,0.771
EC,-0.555,0.739,7,0.949
ECB,-0.123,0.589,178,0.788
ECHOS,-0.051,0.394,6,0.637
ECO,-0.03,0.367,10,0.795
ED,-0.423,0.559,11,0.757
EDF,-0.233,0.589,12,0.796
EDGE,-0.063,0.754,81,0.808
EDGES,0.274,0.809,46,0.853
EGG,-0.068,0.587,6,0.809
EGGS,-0.002,0.528,10,0.751
EGYPT,-0.076,0.692,15,0.801
EIGHT,-0.209,0.663,64,0.827
EKES,0.625,0.55,10,0.807
EL,0.107,0.395,10,0.756
ELEC,-0.47,0.502,8,0.862
ELECT,-0.164,0.511,8,0.833
ELI,-0.025,0.707,16,0.855
ELITE,-0.051,0.375,25,0.811
ELON,-0.118,0.455,114,0.789
ELSE,-0.244,0.339,13,0.729
EMAIL,-0.365,0.468,21,0.78
EMEA,0.0,0.0,5,0.936
EMI,-0.112,0.316,8,0.863
EMMA,0.0,0.0,6,0.825
EMPTY,-0.415,0.518,29,0.77
EN,-0.289,0.429,12,0.872
ENDED,-0.156,0.313,13,0.779
ENDS,-0.346,0.621,164,0.782
ENEL,0.35,0.399,6,0.808
ENEMY,-0.064,0.182,8,0.768
ENGIE,0.127,0.501,7,0.751
ENI,-0.117,0.29,13,0.769
ENJOY,0.268,0.416,6,0.871
ENTER,-0.194,0.449,25,0.762
ENTRY,-0.312,0.637,24,0.819
ENVOY,-0.15,0.427,32,0.762
EPA,-0.083,0.503,18,0.715
EPIC,0.119,0.461,7,0.735
EQT,-0.112,0.251,5,0.835
EQUAL,-0.324,0.551,23,0.766
ERA,-0.178,0.504,68,0.772
ERROR,-0.64,0.417,25,0.851
ESSAY,0.0,0.0,6,0.827
ESTEE,0.525,0.415,6,0.8
ETFS,-0.089,0.434,11,0.813
ETSY,0.568,0.473,8,0.911
EU,-0.13,0.597,1042,0.778
EURO,-0.159,0.675,156,0.797
EUROS,-0.046,0.551,107,0.788
EV,0.137,0.496,45,0.745
EVANS,0.106,0.549,32,0.731
EVE,-0.325,0.615,17,0.844
EVEN,0.012,0.576,156,0.757
EVENT,-0.297,0.491,36,0.812
EVER,-0.094,0.574,114,0.79
EVERY,-0.11,0.485,30,0.787
EVS,0.122,0.232,13,0.697
EX,-0.448,0.432,286,0.793
EXEC,-0.12,0.374,20,0.828
EXECS,-0.243,0.347,14,0.786
EXIST,-0.119,0.488,10,0.758
EXIT,-0.294,0.477,119,0.793
EXITS,-0.359,0.568,36,0.834
EXOR,0.361,0.828,5,0.871
EXPO,0.089,0.632,5,0.779
EXTRA,-0.033,0.662,70,0.797
EXXON,-0.242,0.609,116,0.82
EY,-0.582,0.379,16,0.755
EYE,-0.138,0.524,84,0.784
EYED,0.058,0.832,10,0.832
EYES,0.079,0.523,171,0.797
F,-0.038,0.545,47,0.729
FAA,-0.115,0.487,118,0.811
FAANG,-0.117,0.414,7,0.763
FACE,-0.57,0.473,413,0.829
FACED,-0.403,0.609,9,0.789
FACES,-0.676,0.426,408,0.833
FACTS,-0.17,0.463,18,0.847
FADE,-0.543,0.542,25,0.799
FADES,-0.491,0.503,21,0.78
FAIL,-0.55,0.472,76,0.815
FAILS,-0.644,0.403,92,0.825
FAIR,-0.209,0.494,62,0.823
FAITH,-0.032,0.666,21,0.764
FAKE,-0.335,0.44,57,0.791
FALL,-0.856,0.315,653,0.926
FALLS,-0.8,0.399,328,0.897
FALSE,-0.745,0.226,24,0.78
FAN,-0.232,0.397,11,0.866
FANG,0.123,0.584,27,0.805
FANS,-0.15,0.529,32,0.798
FAR,-0.207,0.546,86,0.764
FARCE,-0.176,0.394,5,0.862
FARE,-0.314,0.552,20,0.798
FARES,-0.057,0.776,33,0.85
FARGO,-0.299,0.54,170,0.818
FARM,-0.244,0.632,54,0.792
FARMS,-0.14,0.529,23,0.835
FATAL,-0.537,0.41,48,0.759
FATE,-0.194,0.385,26,0.777
FAULT,-0.74,0.351,13,0.867
FAVOR,-0.074,0.391,22,0.77
FAZ,-0.234,0.579,9,0.833
FBI,-0.447,0.378,18,0.76
FCA,-0.142,0.513,122,0.779
FCC,-0.24,0.491,49,0.798
FEAR,-0.565,0.456,129,0.835
FEARS,-0.633,0.563,577,0.858
FEB,-0.362,0.574,12,0.78
FED,-0.125,0.578,1079,0.759
FEDEX,-0.208,0.641,60,0.813
FEE,-0.262,0.628,34,0.804
FEED,-0.095,0.381,13,0.694
FEEL,-0.477,0.468,45,0.815
FEELS,-0.164,0.611,30,0.773
FEES,-0.239,0.611,81,0.807
FEET,-0.335,0.436,10,0.773
FELL,-0.707,0.475,35,0.891
FELT,-0.565,0.416,13,0.788
FEND,0.539,0.494,8,0.753
FERRY,-0.138,0.317,11,0.744
FEUD,-0.522,0.403,12,0.79
FEVER,-0.225,0.595,19,0.797
FEWER,-0.418,0.672,45,0.836
FI,0.288,0.397,5,0.809
FIAT,-0.067,0.582,246,0.807
FIBER,0.161,0.772,5,0.841
FIBRE,0.0,0.0,5,0.872
FIELD,-0.148,0.619,31,0.779
FIFTH,-0.487,0.679,36,0.863
FIGHT,-0.157,0.528,312,0.74
FILE,-0.505,0.477,48,0.834
FILED,-0.766,0.139,6,0.766
FILES,-0.643,0.407,130,0.844
FILL,0.127,0.521,19,0.732
FILLS,-0.153,0.343,5,0.803
FILM,-0.115,0.443,86,0.826
FILMS,-0.149,0.479,18,0.807
FINAL,-0.014,0.502,86,0.828
FIND,-0.118,0.462,68,0.819
FINDS,-0.376,0.568,151,0.809
FINE,-0.625,0.485,143,0.843
FINED,-0.904,0.18,76,0.919
FINES,-0.803,0.371,104,0.894
FINK,0.065,0.626,13,0.791
FIRE,-0.539,0.486,141,0.823
FIRED,-0.585,0.551,27,0.868
FIRES,-0.49,0.504,42,0.799
FIRM,-0.174,0.58,524,0.81
FIRMS,-0.307,0.579,729,0.802
FIRST,-0.08,0.621,847,0.811
FISH,-0.132,0.45,32,0.841
FIT,0.08,0.231,17,0.777
FITCH,-0.335,0.587,17,0.775
FIVE,-0.119,0.553,292,0.838
FIX,-0.139,0.483,107,0.769
FIXED,-0.208,0.463,21,0.777
FIXES,0.334,0.565,8,0.756
FIZZ,-0.381,0.594,14,0.829
FLAG,-0.497,0.512,23,0.854
FLAGS,-0.139,0.707,67,0.828
FLASH,-0.299,0.56,10,0.794
FLAT,-0.462,0.618,57,0.821
FLATS,-0.608,0.411,11,0.838
FLAW,-0.498,0.481,9,0.817
FLAWS,-0.574,0.385,21,0.785
FLEE,-0.623,0.39,19,0.81
FLEET,-0.104,0.714,50,0.843
FLEX,-0.447,0.48,8,0.808
FLIES,-0.178,0.443,11,0.743
FLINT,-0.06,0.679,6,0.747
FLOAT,0.04,0.41,22,0.812
FLOCK,-0.014,0.503,10,0.787
FLOOD,-0.296,0.593,26,0.798
FLOOR,-0.346,0.507,23,0.831
FLOW,-0.125,0.813,28,0.854
FLOWS,-0.182,0.664,16,0.866
FLOYD,-0.026,0.377,10,0.831
FLY,-0.011,0.421,62,0.775
FLYBE,-0.382,0.512,37,0.79
FLYER,0.0,0.0,5,0.814
FOBT,-0.602,0.391,8,0.817
FOCUS,-0.153,0.494,195,0.791
FOE,-0.217,0.337,6,0.742
FOG,-0.319,0.581,10,0.816
FOLD,-0.018,0.479,9,0.769
FOMC,-0.017,0.252,14,0.849
FOOD,-0.13,0.551,262,0.809
FOODS,-0.18,0.599,80,0.814
FOOL,-0.325,0.45,5,0.821
FOOT,-0.139,0.576,12,0.78
FORAY,0.128,0.512,6,0.691
FORCE,-0.273,0.555,102,0.793
FORD,-0.162,0.629,291,0.824
FOREX,-0.445,0.568,26,0.783
FORGO,-0.269,0.46,7,0.822
FORM,-0.039,0.468,21,0.782
FORMS,-0.048,0.35,17,0.802
FORUM,-0.158,0.516,15,0.765
FOSUN,0.169,0.314,8,0.76
FOUND,-0.5,0.457,55,0.791
FOUR,-0.271,0.625,198,0.816
FOX,0.009,0.414,133,0.816
FRAME,0.279,0.432,6,0.889
FRANK,-0.224,0.446,12,0.748
FRAUD,-0.493,0.431,171,0.767
FRAY,-0.034,0.399,7,0.754
FREE,-0.013,0.437,203,0.791
FREED,-0.413,0.689,6,0.721
FREES,-0.084,0.376,6,0.631
FRESH,-0.268,0.696,124,0.825
FRET,-0.808,0.272,22,0.889
FRETS,-0.53,0.604,6,0.811
FRIED,-0.058,0.497,6,0.841
FRONT,-0.069,0.482,26,0.729
FRUIT,-0.176,0.591,25,0.822
FT,-0.139,0.478,69,0.81
FTC,-0.317,0.462,36,0.78
FTSE,-0.331,0.72,94,0.862
FUEL,-0.151,0.638,184,0.803
FUELS,-0.145,0.661,73,0.794
FULL,0.002,0.576,150,0.801
FULLY,0.137,0.513,25,0.747
FUME,-0.863,0.094,5,0.863
FUMES,-0.309,0.427,5,0.639
FUND,-0.096,0.536,450,0.802
FUNDS,-0.129,0.519,211,0.794
FURY,-0.718,0.328,7,0.823
FX,-0.271,0.659,19,0.804
FY,0.306,0.81,5,0.882
G,0.049,0.58,41,0.8
GAC,-0.01,0.664,5,0.771
GAIN,0.307,0.716,129,0.797
GAINS,0.165,0.773,273,0.809
GAME,0.009,0.39,136,0.82
GAMES,-0.059,0.56,41,0.841
GAP,-0.334,0.646,111,0.806
GAPS,-0.323,0.626,10,0.732
GARY,-0.315,0.431,5,0.777
GAS,-0.189,0.614,186,0.811
GATE,-0.473,0.518,6,0.927
GATES,-0.052,0.466,21,0.765
GAUGE,-0.372,0.546,14,0.815
GAVE,-0.088,0.333,16,0.782
GAVIN,-0.33,0.405,14,0.801
GAY,-0.278,0.388,10,0.772
GAZ,-0.008,0.477,8,0.706
GE,-0.169,0.588,10211,0.798
GEAR,-0.099,0.557,37,0.782
GEARS,0.169,0.507,12,0.736
GEEK,0.0,0.0,6,0.821
GEELY,0.076,0.572,34,0.795
GEMS,-0.077,0.265,12,0.862
GEN,0.153,0.479,5,0.681
GENE,-0.0,0.496,16,0.745
GET,-0.038,0.473,408,0.778
GETS,0.219,0.554,228,0.75
GHANA,-0.064,0.783,5,0.72
GHOSN,-0.254,0.421,389,0.763
GHOST,-0.36,0.421,13,0.709
GIANT,-0.096,0.523,114,0.78
GIFT,0.213,0.315,21,0.745
GIFTS,-0.209,0.363,7,0.861
GIG,-0.338,0.494,61,0.779
GIN,0.256,0.423,14,0.821
GIRD,0.26,0.369,5,0.719
GIRL,0.214,0.368,7,0.792
GIVE,-0.007,0.463,144,0.785
GIVEN,0.09,0.572,53,0.788
GIVES,0.1,0.55,133,0.762
GKN,-0.296,0.498,37,0.756
GLASS,-0.079,0.353,20,0.764
GLOBE,-0.361,0.432,9,0.798
GLOOM,-0.184,0.79,40,0.842
GLUT,-0.442,0.642,25,0.776
GM,-0.211,0.612,354,0.814
GMAIL,-0.151,0.702,5,0.828
GMT,0.0,0.0,6,0.872
GO,-0.111,0.485,288,0.82
GOAL,-0.032,0.68,53,0.81
GOALS,-0.057,0.615,38,0.771
GOES,-0.179,0.555,115,0.783
GOING,-0.036,0.581,131,0.814
GOL,-0.051,0.776,8,0.796
GOLD,-0.048,0.589,96,0.78
GOLF,0.086,0.669,14,0.825
GONE,-0.297,0.439,37,0.745
GOODS,-0.161,0.615,164,0.784
GOOG,-0.174,0.542,412,0.805
GOOGL,-0.174,0.542,412,0.805
GOOSE,0.082,0.726,11,0.821
GOPRO,0.352,0.709,7,0.841
GOT,-0.139,0.432,64,0.792
GOU,-0.049,0.161,11,0.829
GOVE,-0.025,0.575,11,0.755
GOVIA,-0.723,0.406,5,0.899
GOVT,-0.143,0.539,10,0.767
GRAB,0.021,0.547,43,0.802
GRABS,0.078,0.45,5,0.713
GRACE,-0.085,0.369,9,0.789
GRADE,0.237,0.368,6,0.75
GRAFT,-0.434,0.414,18,0.744
GRAIN,-0.488,0.545,11,0.839
GRAND,-0.405,0.551,14,0.818
GRANT,0.078,0.551,34,0.762
GREAT,0.049,0.547,107,0.8
GREED,-0.341,0.409,23,0.797
GREEK,-0.078,0.622,11,0.776
GREEN,-0.023,0.486,249,0.779
GREET,0.06,0.454,6,0.72
GREG,-0.382,0.478,7,0.808
GRETA,-0.059,0.434,10,0.751
GREW,0.612,0.665,9,0.9
GRID,-0.231,0.605,28,0.831
GRILL,-0.437,0.467,8,0.835
GRIM,-0.325,0.637,21,0.753
GRIND,-0.195,0.551,7,0.736
GRIP,-0.27,0.722,24,0.776
GRIPS,-0.654,0.38,5,0.811
GROSS,0.15,0.568,7,0.772
GROUP,-0.17,0.546,403,0.821
GROW,-0.053,0.822,96,0.857
GROWN,-0.02,0.479,14,0.867
GROWS,-0.121,0.772,74,0.841
GS,-0.167,0.628,1434,0.814
GSK,0.104,0.539,36,0.807
GUARD,-0.232,0.343,15,0.78
GUCCI,0.202,0.681,21,0.817
GUESS,-0.251,0.428,7,0.819
GUIDE,-0.047,0.166,26,0.849
GUILT,-0.307,0.443,5,0.755
GULF,-0.245,0.694,37,0.816
GUN,-0.219,0.52,32,0.805
GUNS,-0.088,0.217,6,0.798
GUPPY,-0.124,0.671,6,0.832
GURU,-0.249,0.428,7,0.881
GUY,-0.05,0.379,19,0.754
GVC,-0.532,0.445,8,0.842
GW,-0.061,0.483,9,0.844
GYMS,0.043,0.419,5,0.695
H,-0.252,0.673,39,0.87
HABIT,0.003,0.223,12,0.755
HACK,-0.412,0.414,17,0.797
HAD,-0.082,0.486,97,0.777
HAIL,-0.23,0.607,10,0.751
HAILS,0.437,0.539,25,0.788
HAIR,0.0,0.0,6,0.849
HALF,-0.286,0.682,183,0.867
HALL,-0.158,0.556,6,0.795
HALLS,-0.157,0.385,6,0.847
HALT,-0.717,0.393,112,0.842
HALTS,-0.827,0.296,73,0.873
HALVE,-0.184,0.751,29,0.795
HAND,-0.118,0.502,70,0.786
HANDS,-0.012,0.367,44,0.807
HANG,-0.308,0.428,8,0.786
HANGS,-0.262,0.545,10,0.742
HAPPY,0.003,0.553,29,0.759
HARM,-0.706,0.444,30,0.848
HARMS,-0.873,0.124,10,0.873
HARRY,0.242,0.304,7,0.678
HARSH,-0.747,0.31,9,0.805
HAS,-0.137,0.525,754,0.783
HASN,-0.166,0.41,21,0.718
HAT,0.101,0.581,17,0.833
HATE,-0.291,0.461,15,0.755
HAUL,-0.023,0.684,28,0.799
HAVE,-0.203,0.509,572,0.793
HAVEN,-0.108,0.528,38,0.744
HAVOC,-0.378,0.518,5,0.747
HAWK,-0.249,0.348,5,0.704
HBO,-0.26,0.549,9,0.84
HBOS,-0.479,0.515,9,0.765
HE,-0.051,0.464,269,0.789
HEAD,-0.145,0.452,226,0.817
HEADS,-0.201,0.549,43,0.808
HEAPS,-0.876,0.112,6,0.876
HEAR,-0.193,0.346,20,0.752
HEARD,-0.119,0.282,12,0.838
HEARS,-0.366,0.401,25,0.745
HEART,-0.218,0.48,31,0.796
HEAT,-0.176,0.575,42,0.768
HEATS,-0.091,0.459,28,0.76
HEDGE,-0.126,0.533,122,0.818
HEED,-0.123,0.502,10,0.706
HEFTY,-0.549,0.747,10,0.892
HEINZ,-0.213,0.552,37,0.829
HEIR,-0.315,0.389,24,0.767
HELD,-0.239,0.482,37,0.784
HELL,-0.475,0.485,15,0.769
HELM,-0.089,0.294,11,0.894
HELP,0.259,0.549,325,0.774
HELPS,0.497,0.522,41,0.816
HENRY,-0.173,0.485,9,0.769
HER,-0.243,0.416,36,0.791
HERO,0.21,0.659,7,0.857
HERTZ,-0.412,0.574,13,0.854
HI,0.086,0.21,6,0.741
HID,-0.232,0.36,6,0.702
HIDE,-0.137,0.334,6,0.824
HIGHS,0.211,0.693,118,0.772
HIKE,-0.043,0.664,104,0.744
HIKES,-0.036,0.679,108,0.728
HILL,-0.282,0.545,23,0.832
HIM,-0.315,0.414,52,0.751
HINGE,-0.803,0.193,6,0.803
HINT,0.387,0.715,6,0.826
HINTS,0.108,0.619,48,0.737
HIP,0.047,0.481,5,0.691
HIRE,0.028,0.51,61,0.793
HIRED,-0.052,0.467,10,0.741
HIRES,0.01,0.252,111,0.847
HIS,-0.142,0.409,208,0.787
HIT,-0.383,0.718,905,0.842
HITS,-0.337,0.743,489,0.83
HK,-0.251,0.484,19,0.867
HMRC,-0.404,0.628,21,0.798
HMV,-0.201,0.401,14,0.824
HNA,-0.101,0.445,38,0.804
HO,-0.192,0.34,7,0.768
HOG,0.218,0.591,8,0.756
HOGAN,0.211,0.623,8,0.857
HOLD,-0.195,0.514,190,0.808
HOLDS,-0.083,0.546,66,0.801
HOLE,-0.469,0.505,30,0.808
HOME,-0.16,0.602,337,0.828
HOMES,-0.246,0.54,83,0.795
HON,-0.215,0.629,680,0.818
HONDA,-0.371,0.623,71,0.808
HONG,-0.27,0.631,208,0.812
HOPE,0.195,0.593,78,0.751
HOPES,0.348,0.691,350,0.791
HORSE,-0.155,0.509,6,0.701
HOST,-0.011,0.375,10,0.846
HOSTS,0.096,0.632,10,0.836
HOTEL,-0.195,0.618,55,0.794
HOUR,-0.15,0.488,37,0.766
HOURS,-0.303,0.637,68,0.797
HOUSE,-0.178,0.579,549,0.813
HP,-0.063,0.633,48,0.807
HQ,-0.203,0.563,47,0.795
HSBC,-0.353,0.596,128,0.832
HUB,-0.03,0.708,31,0.808
HUBS,0.267,0.837,7,0.836
HUGE,-0.198,0.632,92,0.786
HUGO,-0.235,0.766,11,0.851
HUGS,-0.027,0.809,5,0.796
HULU,0.135,0.357,7,0.9
HUMAN,-0.444,0.405,44,0.769
HUNT,-0.24,0.465,40,0.767
HURRY,-0.095,0.574,7,0.71
HURT,-0.804,0.351,101,0.881
HURTS,-0.592,0.611,20,0.9
HUT,-0.677,0.469,347,0.851
HYDRO,-0.687,0.358,6,0.776
HYPE,-0.192,0.637,11,0.766
I,-0.08,0.388,420,0.796
IAC,-0.212,0.646,7,0.827
IAG,0.148,0.55,26,0.788
IATA,-0.409,0.642,32,0.879
IBM,-0.07,0.579,53,0.806
ICAHN,-0.112,0.411,55,0.816
ICE,-0.168,0.474,23,0.768
IDEA,-0.114,0.498,27,0.764
IDEAL,0.042,0.381,7,0.733
IDEAS,-0.054,0.295,30,0.867
IDLED,-0.209,0.72,5,0.798
IEA,-0.31,0.681,26,0.84
IF,-0.195,0.481,469,0.791
IFAX,-0.305,0.626,8,0.849
IFS,-0.527,0.549,21,0.776
IGER,-0.308,0.462,9,0.848
IKEA,-0.022,0.501,74,0.796
ILL,-0.56,0.427,26,0.802
ILO,-0.87,0.106,6,0.87
ILVA,-0.073,0.206,8,0.816
IMAGE,-0.006,0.633,20,0.822
IMF,-0.251,0.632,198,0.795
INBEV,-0.078,0.663,25,0.788
INCH,0.438,0.688,10,0.806
INDEX,-0.138,0.629,64,0.811
INDIA,-0.087,0.61,343,0.799
INDIE,0.126,0.334,7,0.771
INEOS,-0.253,0.627,9,0.746
INFO,-0.316,0.608,7,0.794
ING,-0.608,0.424,7,0.82
INKS,0.416,0.458,12,0.735
INN,-0.365,0.65,13,0.838
INSYS,-0.594,0.375,12,0.752
INTEL,-0.054,0.628,83,0.804
INTU,-0.533,0.589,18,0.83
IOWA,-0.044,0.502,5,0.689
IP,-0.157,0.578,13,0.786
IPOS,-0.092,0.646,24,0.786
IPSOS,0.0,0.0,6,0.86
IRAN,-0.166,0.583,295,0.761
IRAQ,-0.326,0.527,23,0.804
IRAQI,-0.132,0.633,11,0.827
IRE,-0.663,0.552,10,0.846
IRISH,-0.461,0.519,56,0.818
IRON,-0.143,0.732,17,0.853
IRS,-0.439,0.436,9,0.765
IS,-0.101,0.475,2192,0.784
ISLE,0.186,0.415,5,0.862
ISN,-0.139,0.329,87,0.775
ISS,-0.142,0.397,22,0.753
ISSUE,-0.257,0.536,117,0.813
IT,-0.203,0.574,2206,0.811
ITALY,-0.161,0.558,233,0.8
ITEMS,-0.114,0.597,13,0.841
ITS,-0.168,0.565,830,0.798
ITV,-0.08,0.524,34,0.791
IVORY,0.015,0.557,5,0.839
J,-0.296,0.625,143,0.829
JACK,-0.016,0.397,57,0.827
JAIL,-0.577,0.417,22,0.756
JAMES,-0.117,0.345,45,0.83
JAMIE,-0.238,0.472,32,0.784
JAN,0.009,0.525,7,0.828
JAPAN,-0.107,0.609,469,0.786
JARED,-0.352,0.452,7,0.838
JAVID,-0.189,0.483,31,0.773
JAY,-0.095,0.233,6,0.701
JBS,-0.496,0.586,7,0.763
JCB,-0.212,0.777,5,0.902
JD,-0.217,0.636,63,0.803
JEANS,-0.591,0.446,9,0.846
JEDI,-0.274,0.617,11,0.802
JEEP,-0.196,0.529,15,0.788
JEFF,-0.1,0.302,32,0.781
JEK,0.102,0.501,7,0.791
JES,-0.465,0.509,6,0.838
JET,-0.049,0.654,250,0.806
JETS,-0.022,0.689,165,0.803
JIJI,-0.083,0.202,6,0.678
JIM,-0.04,0.49,497,0.817
JIO,0.153,0.341,5,0.765
JLR,-0.413,0.71,8,0.762
JO,0.147,0.36,6,0.829
JOB,-0.494,0.617,387,0.854
JOBS,-0.627,0.587,829,0.881
JOE,-0.261,0.414,6,0.809
JOHN,-0.228,0.476,172,0.827
JOIN,0.006,0.43,110,0.775
JOINS,-0.035,0.478,95,0.77
JOINT,0.061,0.46,78,0.823
JOKE,-0.375,0.423,10,0.746
JOLT,0.069,0.634,8,0.731
JOLTS,-0.647,0.395,5,0.738
JONES,-0.273,0.581,26,0.783
JP,-0.22,0.637,40,0.83
JPM,-0.09,0.528,185,0.82
JUDGE,-0.454,0.467,215,0.78
JULY,-0.14,0.632,127,0.852
JUMBO,0.085,0.522,9,0.813
JUMP,0.126,0.72,199,0.757
JUMPS,0.192,0.684,80,0.744
JUNE,-0.13,0.666,186,0.821
JUNK,-0.449,0.617,30,0.823
JURY,-0.465,0.536,37,0.786
JUUL,-0.249,0.517,43,0.831
JV,0.097,0.46,40,0.802
K,-0.19,0.525,13,0.866
KANYE,0.52,0.477,5,0.857
KAREN,-0.264,0.363,5,0.755
KEEN,0.286,0.525,6,0.712
KEEP,-0.073,0.473,250,0.77
KEEPS,-0.226,0.575,98,0.789
KELLY,-0.136,0.432,11,0.706
KEN,-0.2,0.398,9,0.825
KENT,0.136,0.68,6,0.844
KENYA,-0.007,0.566,6,0.846
KEPT,-0.278,0.379,19,0.797
KEVIN,-0.32,0.524,12,0.847
KEY,-0.068,0.524,226,0.797
KFC,-0.097,0.664,25,0.788
KGAA,0.14,0.703,6,0.791
KHAN,-0.301,0.382,22,0.783
KIA,-0.411,0.536,27,0.783
KICK,-0.118,0.612,34,0.808
KICKS,-0.106,0.671,22,0.807
KIDS,-0.178,0.365,25,0.855
KIER,-0.471,0.709,8,0.874
KILL,-0.459,0.455,19,0.755
KILLS,-0.62,0.391,8,0.801
KIM,0.049,0.371,10,0.769
KIND,0.1,0.299,9,0.825
KING,-0.075,0.519,81,0.79
KINGS,-0.094,0.23,6,0.761
KIT,0.075,0.547,10,0.755
KITS,-0.266,0.581,7,0.766
KKR,0.001,0.456,48,0.821
KLEIN,0.04,0.855,11,0.828
KLM,-0.109,0.626,65,0.815
KNEW,-0.116,0.302,14,0.823
KNIFE,-0.346,0.478,8,0.799
KNOCK,-0.928,0.048,8,0.928
KNOW,-0.039,0.248,89,0.862
KNOWN,-0.135,0.314,12,0.812
KO,-0.228,0.615,712,0.814
KOHL,-0.237,0.697,18,0.838
KONE,-0.104,0.274,7,0.829
KONG,-0.27,0.631,208,0.812
KOREA,-0.229,0.636,166,0.813
KORS,-0.201,0.595,10,0.909
KPMG,-0.545,0.526,37,0.837
KRAFT,-0.242,0.543,40,0.812
KYLE,-0.206,0.369,7,0.769
KYLIE,0.0,0.0,9,0.863
KYODO,-0.033,0.387,15,0.765
L,-0.029,0.668,40,0.812
LA,-0.275,0.496,28,0.806
LAB,0.037,0.511,15,0.842
LABEL,-0.253,0.449,29,0.805
LABOR,-0.278,0.679,177,0.803
LABS,-0.201,0.515,12,0.828
LACK,-0.728,0.415,58,0.842
LACKS,0.0,0.0,5,0.801
LADY,-0.019,0.382,7,0.799
LAG,-0.219,0.664,8,0.735
LAGS,-0.662,0.564,8,0.83
LAID,-0.918,0.108,10,0.918
LAKE,0.061,0.445,12,0.842
LAND,-0.358,0.583,116,0.837
LANDS,0.106,0.53,19,0.79
LANE,-0.253,0.41,13,0.842
LANKA,-0.575,0.435,9,0.846
LARGE,-0.187,0.65,48,0.822
LARRY,-0.058,0.366,21,0.801
LAS,0.061,0.71,11,0.812
LAST,-0.187,0.562,187,0.797
LASTS,-0.196,0.669,5,0.787
LATAM,-0.23,0.631,32,0.851
LATE,-0.252,0.606,95,0.811
LATER,-0.075,0.395,30,0.829
LATIN,-0.115,0.633,32,0.777
LATTE,-0.188,0.42,5,0.849
LAUDS,-0.209,0.679,8,0.685
LAURA,-0.303,0.571,12,0.816
LAW,-0.316,0.506,152,0.811
LAWS,-0.312,0.467,51,0.768
LAY,-0.812,0.344,47,0.93
LAYS,-0.448,0.607,21,0.896
LE,-0.067,0.592,28,0.794
LEAD,-0.116,0.524,156,0.822
LEADS,0.013,0.701,59,0.797
LEAK,-0.523,0.494,29,0.824
LEAKS,-0.544,0.414,29,0.798
LEANS,0.113,0.357,10,0.659
LEAP,0.336,0.589,16,0.793
LEARN,-0.031,0.281,20,0.855
LEARY,-0.061,0.568,14,0.753
LEASE,-0.044,0.621,31,0.784
LEAST,-0.162,0.525,84,0.812
LEAVE,-0.498,0.433,167,0.788
LED,-0.135,0.675,90,0.8
LEE,0.064,0.346,26,0.784
LEEDS,-0.221,0.352,6,0.769
LEFT,-0.369,0.517,108,0.803
LEG,0.059,0.479,6,0.816
LEGAL,-0.429,0.549,172,0.814
LEGO,-0.026,0.619,18,0.831
LEND,-0.018,0.514,10,0.797
LEON,-0.039,0.53,5,0.806
LES,-0.201,0.454,10,0.676
LESS,-0.327,0.533,135,0.804
LET,-0.062,0.326,111,0.798
LETS,-0.306,0.405,15,0.789
LEVEL,-0.275,0.693,113,0.851
LEVI,-0.161,0.679,24,0.847
LEVY,-0.281,0.563,14,0.77
LEWIS,-0.226,0.48,111,0.824
LEXUS,-0.018,0.572,6,0.866
LG,-0.383,0.681,21,0.833
LGBT,-0.161,0.622,6,0.739
LI,-0.086,0.471,11,0.807
LIAM,-0.078,0.482,11,0.85
LIB,-0.17,0.559,9,0.793
LIBOR,-0.055,0.418,10,0.712
LIBRA,-0.128,0.487,56,0.82
LIBYA,-0.112,0.7,18,0.741
LIDL,0.05,0.347,19,0.827
LIE,-0.146,0.327,5,0.773
LIES,-0.151,0.405,16,0.747
LIFE,-0.081,0.381,144,0.799
LIFT,0.32,0.673,95,0.782
LIFTS,0.349,0.709,84,0.798
LIKE,-0.104,0.416,236,0.813
LIKES,0.062,0.214,12,0.887
LILLY,0.105,0.631,25,0.841
LIMBO,-0.759,0.323,17,0.86
LIMIT,-0.175,0.527,62,0.754
LINDE,0.103,0.543,15,0.798
LINE,-0.048,0.615,140,0.787
LINES,-0.239,0.593,45,0.819
LINK,-0.119,0.564,27,0.757
LINKS,-0.263,0.526,28,0.834
LION,-0.127,0.521,31,0.825
LIRA,-0.295,0.701,33,0.814
LIST,-0.142,0.439,111,0.804
LISTS,-0.442,0.472,10,0.822
LIU,0.04,0.45,20,0.789
LIVE,-0.39,0.685,745,0.844
LIVED,-0.069,0.529,8,0.83
LIVES,-0.218,0.445,45,0.82
LL,-0.007,0.401,55,0.797
LLOYD,-0.176,0.469,28,0.822
LMC,-0.525,0.8,12,0.918
LNG,-0.128,0.554,38,0.799
LOACH,0.0,0.0,5,0.808
LOAD,0.111,0.757,10,0.804
LOAN,0.032,0.672,201,0.81
LOANS,-0.119,0.592,172,0.782
LOBBY,-0.144,0.478,46,0.772
LOCAL,-0.034,0.577,88,0.761
LOCK,-0.05,0.677,13,0.764
LOEB,-0.076,0.228,9,0.843
LOFTY,-0.199,0.833,6,0.8
LONE,0.211,0.391,8,0.864
LOOK,-0.07,0.462,175,0.814
LOOKS,0.079,0.578,121,0.767
LOOM,-0.474,0.644,70,0.828
LOOMS,-0.417,0.556,138,0.786
LOOSE,-0.363,0.498,5,0.882
LORD,-0.337,0.58,19,0.855
LOS,-0.198,0.579,15,0.85
LOSE,-0.795,0.313,137,0.874
LOSER,-0.593,0.348,5,0.75
LOSES,-0.84,0.207,132,0.87
LOSS,-0.703,0.498,273,0.886
LOST,-0.519,0.509,99,0.83
LOT,-0.088,0.545,39,0.767
LOTS,-0.186,0.407,11,0.737
LOUIS,0.117,0.499,20,0.844
LOVE,0.078,0.365,38,0.774
LOVED,-0.319,0.444,5,0.816
LOWE,-0.061,0.698,20,0.827
LOWER,-0.457,0.673,215,0.837
LOWS,-0.771,0.381,42,0.86
LOYAL,-0.337,0.679,7,0.852
LSE,0.162,0.445,46,0.832
LUCK,-0.163,0.364,5,0.779
LUKE,-0.151,0.337,5,0.844
LUNCH,-0.091,0.427,8,0.741
LUNG,-0.039,0.647,6,0.71
LURE,0.16,0.449,22,0.758
LURES,-0.029,0.432,7,0.719
LUSH,-0.376,0.413,8,0.791
LUTON,-0.099,0.581,8,0.865
LVMH,0.013,0.568,44,0.836
LYFT,-0.131,0.581,110,0.802
LYING,-0.648,0.329,6,0.743
LYNCH,-0.205,0.451,21,0.79
M,-0.139,0.529,277,0.812
MA,-0.179,0.59,13918,0.81
MAC,-0.115,0.569,14,0.768
MACAU,-0.159,0.513,18,0.789
MACS,-0.041,0.61,5,0.886
MACY,-0.321,0.655,48,0.821
MAD,-0.02,0.127,120,0.904
MADE,0.002,0.518,203,0.801
MAE,0.148,0.706,6,0.871
MAGIC,0.036,0.134,14,0.823
MAGNA,0.144,0.633,6,0.842
MAIL,-0.509,0.501,68,0.845
MAIN,-0.039,0.513,51,0.77
MAIRE,0.03,0.648,19,0.802
MAJOR,-0.211,0.626,190,0.801
MAKE,0.006,0.498,361,0.79
MAKER,-0.089,0.62,199,0.809
MAKES,-0.064,0.452,174,0.799
MALE,-0.241,0.366,18,0.761
MALL,-0.078,0.561,16,0.805
MALLS,-0.291,0.649,14,0.824
MALTA,-0.44,0.685,6,0.843
MAN,-0.177,0.405,91,0.802
MANIA,-0.031,0.378,8,0.698
MANY,-0.273,0.507,88,0.77
MAP,-0.117,0.33,8,0.847
MAPS,0.067,0.604,6,0.829
MARA,0.008,0.59,13,0.859
MARC,-0.149,0.435,14,0.766
MARCH,-0.291,0.674,163,0.844
MARIO,-0.273,0.396,11,0.839
MARK,-0.203,0.508,95,0.817
MARKS,-0.373,0.546,46,0.789
MARS,-0.018,0.392,9,0.837
MARY,0.114,0.412,7,0.715
MASK,-0.092,0.362,20,0.785
MASKS,-0.088,0.394,81,0.817
MASON,0.229,0.661,7,0.818
MASS,-0.378,0.576,31,0.783
MATCH,0.043,0.651,21,0.808
MATT,-0.156,0.383,6,0.861
MAX,-0.248,0.599,684,0.82
MAY,-0.299,0.583,1101,0.808
MAYBE,0.02,0.313,11,0.818
MAYOR,-0.164,0.349,10,0.793
MAZDA,-0.268,0.574,7,0.757
MBA,-0.161,0.907,8,0.914
MCD,-0.288,0.556,151,0.832
ME,-0.127,0.301,75,0.785
MEAL,-0.227,0.669,9,0.799
MEALS,0.155,0.338,16,0.832
MEAN,-0.23,0.421,87,0.791
MEANS,-0.191,0.441,54,0.788
MEANT,0.175,0.445,10,0.737
MEAT,-0.169,0.541,126,0.821
MEDIA,-0.2,0.478,209,0.792
MEET,0.033,0.478,228,0.84
MEETS,-0.055,0.409,45,0.858
MEGA,-0.196,0.509,24,0.785
MEMO,-0.154,0.43,70,0.825
MEN,-0.287,0.519,53,0.809
MENG,-0.307,0.392,17,0.779
MENU,-0.134,0.639,16,0.835
MEO,0.09,0.255,8,0.779
MERCK,0.26,0.569,30,0.774
MERCY,-0.07,0.469,7,0.676
MERGE,-0.022,0.289,31,0.845
MERIT,0.337,0.468,5,0.84
MERZ,0.137,0.307,5,0.813
MESH,-0.332,0.689,6,0.8
MESS,-0.485,0.414,16,0.753
MET,-0.005,0.393,22,0.811
META,-0.326,0.562,82,0.809
METAL,-0.123,0.616,16,0.792
METER,-0.032,0.485,7,0.833
METOO,-0.261,0.402,16,0.802
METRE,-0.274,0.429,6,0.834
METRO,-0.455,0.567,44,0.802
MGM,0.046,0.521,18,0.839
MICRO,-0.137,0.609,7,0.776
MID,-0.065,0.564,61,0.799
MIGHT,-0.096,0.405,56,0.815
MIKE,-0.315,0.412,69,0.789
MILAN,-0.322,0.513,14,0.827
MILD,-0.252,0.84,7,0.794
MILE,0.031,0.662,9,0.842
MILES,-0.194,0.434,5,0.85
MILK,-0.284,0.498,17,0.835
MILLS,-0.305,0.758,14,0.834
MIND,0.044,0.424,13,0.808
MINE,-0.283,0.515,45,0.821
MINER,-0.044,0.632,10,0.768
MINES,-0.343,0.469,5,0.785
MINI,-0.145,0.54,29,0.85
MINOR,-0.125,0.665,6,0.883
MINT,-0.378,0.574,8,0.779
MIS,-0.786,0.328,8,0.871
MISS,-0.621,0.472,73,0.865
MIX,-0.155,0.466,17,0.852
MIXED,-0.502,0.556,61,0.773
MLN,0.119,0.731,16,0.82
MOBIL,0.049,0.612,30,0.802
MOCKS,-0.685,0.354,6,0.769
MOD,0.362,0.496,5,0.872
MODE,0.107,0.544,17,0.78
MODEL,-0.002,0.633,171,0.811
MODEM,0.246,0.421,7,0.877
MODI,-0.144,0.682,16,0.827
MOGG,-0.558,0.398,7,0.788
MOGUL,0.0,0.0,7,0.879
MONEY,-0.19,0.436,490,0.829
MONTE,-0.359,0.449,7,0.821
MONTH,-0.242,0.749,291,0.842
MONZO,0.057,0.567,14,0.879
MOOD,-0.3,0.647,17,0.731
MOODY,-0.561,0.539,18,0.874
MOON,-0.039,0.52,6,0.862
MOORE,-0.531,0.445,8,0.809
MOTOR,-0.076,0.63,75,0.795
MOU,0.446,0.414,5,0.779
MOUNT,-0.674,0.535,50,0.857
MOVE,-0.119,0.551,240,0.765
MOVED,-0.134,0.455,12,0.787
MOVES,-0.055,0.566,130,0.794
MOVIE,-0.069,0.55,32,0.825
MOVIL,-0.14,0.643,7,0.808
MP,-0.482,0.53,22,0.836
MPS,-0.492,0.456,169,0.797
MR,-0.161,0.33,14,0.828
MS,-0.231,0.598,2656,0.797
MSCI,-0.687,0.402,9,0.891
MSTR,0.138,0.539,10,0.739
MUCH,-0.11,0.569,130,0.802
MUFG,-0.419,0.464,10,0.774
MULL,-0.266,0.603,19,0.823
MULLS,-0.388,0.428,58,0.808
MULTI,0.314,0.534,25,0.836
MUM,-0.117,0.261,5,0.775
MURKY,-0.608,0.379,5,0.776
MUSIC,-0.095,0.505,93,0.837
MUSK,-0.118,0.507,277,0.79
MUST,-0.086,0.375,404,0.783
MUTED,-0.051,0.768,15,0.73
MY,-0.115,0.329,184,0.808
MYERS,-0.007,0.566,27,0.802
MYLAN,-0.389,0.588,14,0.838
MYTH,-0.093,0.262,8,0.763
N,-0.348,0.57,53,0.832
NAB,-0.602,0.478,11,0.839
NAFTA,0.175,0.501,162,0.787
NAIL,0.139,0.311,5,0.744
NAKED,-0.361,0.451,7,0.855
NAME,-0.137,0.374,79,0.813
NAMED,-0.09,0.528,60,0.783
NAMES,-0.027,0.21,206,0.89
NASA,0.182,0.451,10,0.778
NASTY,-0.464,0.509,6,0.846
NATO,-0.282,0.396,8,0.761
NAVY,0.106,0.66,14,0.771
NBA,0.155,0.552,9,0.855
NBC,0.051,0.495,6,0.858
NEAR,-0.239,0.698,150,0.798
NEARS,-0.034,0.538,81,0.769
NEED,0.022,0.378,294,0.79
NEEDS,0.065,0.398,170,0.781
NEIL,-0.362,0.409,44,0.809
NET,-0.104,0.698,67,0.825
NETS,-0.274,0.431,6,0.788
NEVER,-0.021,0.327,80,0.794
NEWLY,-0.148,0.652,11,0.832
NEWS,-0.092,0.537,225,0.808
NEXT,-0.074,0.472,493,0.825
NFL,0.213,0.366,7,0.843
NG,-0.202,0.7,10,0.832
NHK,-0.07,0.454,17,0.807
NHS,-0.202,0.456,98,0.762
NICE,0.143,0.364,17,0.737
NICHE,0.106,0.236,5,0.692
NICK,-0.327,0.46,5,0.869
NIDEC,0.364,0.499,5,0.901
NIGEL,-0.254,0.359,5,0.74
NIGHT,-0.258,0.487,27,0.745
NIKE,-0.237,0.65,93,0.836
NILS,-0.182,0.374,413,0.751
NINE,-0.199,0.602,58,0.836
NIO,0.139,0.704,8,0.788
NKE,-0.283,0.511,306,0.806
NMC,-0.435,0.417,18,0.799
NOBEL,0.175,0.507,11,0.759
NOBLE,-0.164,0.588,22,0.873
NOC,-0.165,0.647,73,0.805
NOD,0.314,0.545,34,0.762
NOEL,-0.137,0.611,5,0.793
NOISE,0.042,0.636,6,0.71
NOKIA,-0.074,0.623,55,0.801
NON,-0.178,0.542,90,0.818
NORD,-0.236,0.587,14,0.755
NORM,0.149,0.332,5,0.795
NORTH,-0.147,0.626,209,0.826
NOSE,-0.341,0.469,5,0.857
NOTE,-0.157,0.609,35,0.79
NOTES,-0.162,0.325,23,0.814
NOV,-0.004,0.617,8,0.723
NOVAK,0.229,0.358,9,0.718
NOVO,-0.42,0.674,8,0.849
NRA,-0.865,0.168,6,0.865
NSW,-0.445,0.478,8,0.816
NTSB,-0.466,0.41,10,0.796
NUCOR,0.159,0.587,8,0.787
NUDGE,0.345,0.568,6,0.694
NXP,-0.079,0.614,22,0.789
NY,-0.278,0.527,40,0.787
NYC,-0.222,0.566,11,0.838
NYSE,-0.116,0.433,35,0.789
NYT,-0.154,0.434,18,0.745
NZ,-0.046,0.715,10,0.873
O,-0.154,0.499,26,0.808
OASIS,-0.589,0.703,8,0.941
OBAMA,-0.281,0.466,14,0.739
OBR,-0.375,0.68,12,0.837
OCADO,-0.024,0.625,40,0.829
OCEAN,-0.46,0.719,5,0.82
OCT,-0.508,0.473,5,0.879
ODD,-0.755,0.193,5,0.755
ODDS,-0.298,0.591,36,0.747
OECD,-0.436,0.634,40,0.842
OFCOM,-0.127,0.337,7,0.834
OFF,-0.314,0.608,706,0.801
OFFER,0.067,0.518,278,0.774
OFFS,-0.444,0.615,16,0.807
OFGEM,-0.263,0.557,15,0.747
OFTEN,-0.427,0.472,6,0.814
OH,-0.183,0.409,5,0.723
OHIO,-0.375,0.521,23,0.791
OI,0.098,0.24,6,0.816
OIL,-0.187,0.689,1655,0.801
OK,-0.152,0.578,15,0.79
OKAY,0.391,0.427,12,0.759
OKS,-0.005,0.264,9,0.743
OKTA,-0.104,0.256,6,0.8
OLA,-0.053,0.609,8,0.708
OLDER,-0.094,0.559,30,0.811
OLIVE,-0.133,0.639,11,0.702
OLLIE,-0.012,0.572,5,0.771
OMAHA,0.0,0.0,6,0.856
OMAN,-0.182,0.569,7,0.715
ONE,-0.196,0.54,418,0.814
ONES,-0.173,0.455,9,0.807
ONS,-0.132,0.777,23,0.881
OP,-0.132,0.63,26,0.778
OPEC,-0.119,0.664,308,0.772
OPEL,-0.205,0.602,23,0.833
OPEN,0.043,0.45,253,0.774
OPENS,0.04,0.537,98,0.779
OPRAH,-0.183,0.41,5,0.768
OPS,-0.191,0.38,9,0.862
OPT,-0.381,0.676,7,0.821
ORDER,-0.046,0.675,220,0.804
ORE,-0.225,0.891,12,0.907
OREAL,0.026,0.745,21,0.838
OSAKA,-0.157,0.384,6,0.795
OSCAR,-0.14,0.344,6,0.869
OSLO,0.378,0.504,11,0.742
OSRAM,0.095,0.439,22,0.757
OUR,-0.077,0.491,218,0.774
OURS,-0.135,0.302,5,0.835
OUST,-0.464,0.37,25,0.714
OUSTS,-0.577,0.515,15,0.795
OUT,-0.273,0.532,854,0.791
OVO,-0.084,0.757,5,0.75
OWE,-0.322,0.445,8,0.873
OWED,-0.506,0.471,10,0.811
OWES,-0.242,0.385,13,0.799
OWING,-0.708,0.553,7,0.86
OWNED,-0.17,0.556,50,0.829
OWNER,-0.325,0.55,254,0.848
OXFAM,-0.091,0.647,8,0.789
OXY,-0.258,0.506,77,0.756
OYO,-0.192,0.429,5,0.87
P,-0.16,0.724,364,0.813
PACE,-0.234,0.704,29,0.811
PACK,0.15,0.518,12,0.851
PACKS,0.25,0.346,5,0.73
PACT,0.3,0.563,64,0.769
PADDY,-0.113,0.452,8,0.805
PAGE,-0.138,0.572,6,0.737
PAGES,-0.665,0.346,6,0.798
PAID,-0.216,0.523,136,0.814
PAIN,-0.403,0.591,80,0.802
PAINT,-0.241,0.621,6,0.801
PALM,-0.132,0.475,7,0.767
PAN,0.084,0.238,8,0.782
PANEL,-0.118,0.428,97,0.812
PANIC,-0.283,0.434,56,0.737
PAPA,-0.307,0.5,37,0.862
PAPER,-0.127,0.48,86,0.818
PAPUA,0.166,0.592,6,0.773
PARE,-0.21,0.638,8,0.727
PARES,-0.146,0.833,19,0.831
PARIS,-0.162,0.469,63,0.791
PARK,-0.28,0.508,23,0.827
PARKS,-0.079,0.562,20,0.819
PART,-0.247,0.49,158,0.826
PARTS,-0.168,0.597,88,0.777
PARTY,-0.243,0.411,69,0.782
PASS,-0.008,0.486,55,0.762
PAST,-0.012,0.63,91,0.799
PATCH,-0.735,0.357,7,0.845
PATH,0.177,0.585,43,0.787
PAUL,-0.233,0.451,27,0.767
PAULO,0.058,0.656,9,0.787
PAUSE,-0.364,0.502,57,0.758
PAVES,0.392,0.533,12,0.724
PAY,-0.353,0.569,836,0.798
PAYS,-0.059,0.488,84,0.783
PBOC,0.082,0.616,8,0.699
PC,0.05,0.728,11,0.867
PCT,-0.201,0.776,5,0.888
PDVSA,-0.164,0.509,29,0.791
PEACE,0.055,0.539,11,0.721
PEAK,-0.113,0.766,47,0.821
PEDO,-0.338,0.383,8,0.724
PEER,-0.192,0.565,14,0.8
PEERS,-0.197,0.549,15,0.783
PEMEX,-0.082,0.596,25,0.802
PENCE,0.255,0.457,19,0.806
PENNY,0.0,0.0,9,0.83
PEP,-0.006,0.607,44,0.832
PEPSI,-0.162,0.71,6,0.817
PER,-0.095,0.577,55,0.81
PERIL,-0.221,0.584,9,0.811
PERKS,-0.136,0.629,10,0.753
PERRY,-0.154,0.377,6,0.873
PERU,-0.649,0.449,10,0.846
PES,0.078,0.672,5,0.749
PESO,-0.112,0.814,13,0.803
PET,0.311,0.427,5,0.822
PETER,-0.148,0.292,23,0.832
PETS,-0.184,0.347,8,0.813
PFI,0.118,0.289,6,0.762
PG,-0.137,0.559,191,0.802
PHARM,-0.185,0.576,6,0.793
PHASE,0.184,0.529,72,0.797
PHONE,-0.166,0.578,83,0.807
PHOTO,-0.406,0.469,11,0.842
PICK,0.029,0.518,64,0.799
PICKS,0.123,0.453,102,0.831
PIE,0.0,0.0,7,0.828
PIECE,-0.08,0.196,6,0.769
PIER,-0.618,0.432,10,0.882
PIF,-0.02,0.371,9,0.86
PIG,-0.217,0.533,16,0.803
PIGS,-0.188,0.523,6,0.74
PILE,-0.546,0.558,16,0.857
PILES,-0.769,0.296,9,0.825
PILL,-0.265,0.598,9,0.791
PILLS,-0.211,0.62,5,0.803
PILOT,-0.437,0.497,67,0.839
PIMCO,-0.216,0.585,6,0.728
PIN,-0.159,0.355,5,0.843
PINCH,-0.673,0.422,8,0.859
PING,0.453,0.439,5,0.753
PINK,-0.082,0.438,9,0.741
PINS,0.557,0.541,8,0.744
PIPE,-0.027,0.626,11,0.774
PITCH,-0.072,0.584,13,0.879
PIVOT,0.0,0.0,5,0.826
PIZZA,-0.16,0.633,45,0.847
PLACE,0.003,0.482,64,0.811
PLAIN,-0.448,0.607,7,0.846
PLAN,-0.119,0.561,732,0.794
PLANE,-0.279,0.568,75,0.811
PLANS,-0.139,0.512,793,0.812
PLANT,-0.263,0.59,388,0.82
PLATE,-0.133,0.298,5,0.679
PLAY,-0.038,0.354,100,0.812
PLAYS,-0.142,0.461,50,0.771
PLC,-0.172,0.466,10,0.763
PLEA,-0.318,0.388,21,0.713
PLEAD,-0.416,0.515,10,0.747
PLOT,-0.261,0.377,8,0.723
PLOTS,0.036,0.399,13,0.806
PLUG,-0.308,0.475,21,0.787
PLUS,-0.055,0.475,33,0.781
PM,-0.112,0.54,145,0.797
PMI,-0.386,0.613,16,0.782
PNB,-0.333,0.612,6,0.757
POINT,-0.152,0.576,113,0.801
POLL,-0.222,0.546,114,0.73
POOL,0.005,0.737,10,0.906
POOLS,0.139,0.311,5,0.76
POP,0.046,0.502,28,0.786
PORK,-0.308,0.528,25,0.807
PORT,-0.48,0.599,37,0.851
PORTS,-0.376,0.54,16,0.777
POSE,-0.521,0.537,18,0.791
POSES,-0.446,0.49,23,0.77
POSH,-0.025,0.491,6,0.87
POST,-0.136,0.632,244,0.812
POSTS,-0.223,0.85,159,0.883
POT,-0.337,0.484,26,0.812
POUND,-0.27,0.747,131,0.823
POUR,-0.04,0.38,9,0.727
POWER,-0.138,0.55,273,0.805
PPE,-0.455,0.5,6,0.832
PPG,0.0,0.0,5,0.816
PPP,0.359,0.39,10,0.724
PR,-0.361,0.42,13,0.745
PRADA,0.25,0.408,6,0.823
PRATT,0.14,0.577,13,0.774
PRE,-0.204,0.621,66,0.804
PREP,-0.147,0.723,5,0.847
PRESS,-0.132,0.442,67,0.803
PRET,-0.14,0.411,28,0.788
PREY,-0.26,0.72,5,0.786
PRICE,-0.26,0.636,496,0.805
PRIDE,-0.132,0.564,8,0.843
PRIME,-0.095,0.577,48,0.796
PRINT,-0.263,0.679,14,0.916
PRIOR,0.023,0.752,8,0.82
PRIZE,0.163,0.41,17,0.772
PRO,-0.338,0.548,26,0.767
PROBE,-0.399,0.468,387,0.766
PROOF,0.067,0.304,16,0.779
PROP,0.218,0.799,10,0.822
PROVE,0.158,0.617,21,0.776
PROXY,-0.233,0.431,45,0.72
PSA,-0.088,0.569,77,0.826
PTON,-0.286,0.397,13,0.775
PUB,-0.183,0.485,18,0.843
PUBS,-0.431,0.44,37,0.835
PULL,-0.521,0.46,59,0.828
PULLS,-0.55,0.484,94,0.819
PUMA,-0.138,0.723,14,0.822
PUMP,0.234,0.332,11,0.684
PUMPS,0.347,0.382,12,0.686
PUNCH,-0.147,0.647,11,0.74
PURE,-0.02,0.418,8,0.835
PURGE,-0.385,0.482,7,0.849
PUSH,0.013,0.642,328,0.774
PUT,-0.291,0.52,174,0.812
PUTIN,-0.1,0.422,34,0.761
PUTS,-0.426,0.503,116,0.816
PVH,0.002,0.759,14,0.854
PWC,-0.397,0.629,25,0.859
Q,-0.028,0.463,15,0.841
QATAR,-0.113,0.635,88,0.804
QE,-0.189,0.514,10,0.822
QUEEN,-0.264,0.425,10,0.872
QUELL,0.133,0.8,7,0.746
QUERY,0.0,0.0,7,0.764
QUEST,0.195,0.366,8,0.818
QUEUE,-0.311,0.481,6,0.807
QUICK,0.068,0.63,26,0.773
QUIT,-0.665,0.358,59,0.829
QUITE,0.089,0.434,11,0.733
QUITS,-0.714,0.302,79,0.793
QUIZ,-0.29,0.432,12,0.822
R,-0.117,0.621,75,0.825
RAAB,0.048,0.67,6,0.78
RACE,0.009,0.53,127,0.744
RACES,0.243,0.711,15,0.782
RADAR,0.033,0.471,8,0.692
RADIO,-0.253,0.435,7,0.868
RAGE,-0.525,0.429,19,0.804
RAGES,-0.523,0.497,10,0.777
RAID,-0.602,0.389,18,0.795
RAIDS,-0.842,0.071,5,0.842
RAIL,-0.395,0.544,195,0.82
RAILS,-0.554,0.618,6,0.773
RAISE,0.127,0.585,208,0.77
RALLY,-0.041,0.692,305,0.751
RALPH,-0.086,0.793,13,0.888
RAMP,0.172,0.658,38,0.789
RAMPS,0.357,0.622,22,0.761
RANGE,0.158,0.623,55,0.826
RANKS,0.199,0.735,9,0.85
RAPE,-0.547,0.53,13,0.818
RAPID,0.187,0.649,22,0.807
RARE,-0.098,0.589,53,0.789
RATE,-0.16,0.639,469,0.747
RATED,-0.111,0.698,8,0.794
RATES,-0.22,0.617,348,0.755
RATIO,0.312,0.573,6,0.778
RAY,-0.267,0.381,14,0.824
RBA,-0.367,0.467,7,0.762
RBC,0.102,0.229,5,0.712
RBS,-0.319,0.537,97,0.821
RE,-0.044,0.526,220,0.79
REACH,0.18,0.646,114,0.775
REACT,-0.488,0.453,14,0.85
READ,-0.056,0.264,77,0.834
READS,-0.07,0.252,13,0.822
READY,0.106,0.469,170,0.75
REAL,-0.124,0.405,113,0.806
REAP,0.533,0.361,11,0.761
REBEL,-0.656,0.36,11,0.812
RED,-0.216,0.635,79,0.81
REEL,-0.596,0.636,8,0.827
REELS,-0.311,0.703,6,0.875
REES,-0.558,0.398,7,0.788
REIGN,-0.389,0.419,8,0.773
REIN,-0.358,0.557,23,0.767
REINS,-0.329,0.457,5,0.824
REIT,-0.149,0.333,5,0.821
RELAX,-0.34,0.589,10,0.803
RELY,-0.076,0.265,12,0.873
REMIX,-0.021,0.384,350,0.805
RENEW,-0.131,0.472,9,0.693
RENT,-0.416,0.503,56,0.816
RENTS,-0.176,0.788,21,0.834
REPAY,0.015,0.444,12,0.724
REPO,-0.216,0.541,22,0.789
RESET,0.059,0.689,7,0.718
REST,-0.186,0.569,23,0.828
REV,0.339,0.566,12,0.783
REVS,0.458,0.625,8,0.755
RICE,-0.189,0.364,8,0.784
RICS,-0.962,0.006,6,0.962
RID,-0.164,0.367,5,0.846
RIDE,-0.077,0.569,101,0.802
RIDES,0.138,0.633,22,0.774
RIFT,-0.35,0.816,8,0.874
RIG,-0.562,0.432,9,0.85
RIGHT,0.063,0.402,173,0.805
RIGS,-0.243,0.699,5,0.839
RING,-0.219,0.479,14,0.748
RIO,-0.187,0.551,30,0.751
RIOT,-0.247,0.666,34,0.832
RIP,-0.436,0.502,22,0.801
RIPE,-0.082,0.458,9,0.744
RISE,0.193,0.749,705,0.805
RISES,0.166,0.753,288,0.776
RISHI,-0.187,0.545,48,0.769
RISK,-0.486,0.572,461,0.826
RISKS,-0.308,0.588,217,0.803
RISKY,-0.14,0.472,29,0.724
RITE,-0.368,0.505,5,0.831
RIVAL,0.006,0.572,115,0.784
RIVER,-0.351,0.564,11,0.806
ROAD,-0.091,0.531,102,0.792
ROADS,0.042,0.499,14,0.788
ROAR,0.447,0.448,7,0.778
ROBOT,-0.151,0.436,25,0.829
ROCHE,-0.005,0.593,31,0.816
ROCK,-0.174,0.535,18,0.805
ROCKS,-0.458,0.493,8,0.873
ROCKY,-0.273,0.638,12,0.782
ROGUE,-0.382,0.465,35,0.733
ROKU,-0.27,0.548,19,0.796
ROLE,-0.142,0.414,142,0.816
ROLES,-0.163,0.449,35,0.81
ROLL,0.058,0.56,48,0.759
ROLLS,-0.166,0.645,115,0.813
ROMA,-0.221,0.651,5,0.74
ROME,-0.319,0.438,5,0.857
ROOF,-0.193,0.432,5,0.768
ROOM,0.153,0.527,43,0.77
ROOMS,-0.24,0.561,11,0.831
ROOTS,-0.05,0.174,12,0.821
ROSE,0.265,0.616,26,0.873
ROSS,-0.005,0.482,28,0.786
ROT,-0.401,0.804,5,0.909
ROUND,0.027,0.397,540,0.799
ROUT,-0.396,0.715,39,0.857
ROUTE,-0.303,0.555,19,0.813
ROVER,-0.464,0.591,73,0.864
ROW,-0.449,0.632,147,0.836
ROWE,-0.015,0.452,11,0.784
ROYAL,-0.402,0.583,90,0.824
ROYCE,-0.249,0.717,78,0.834
RUBIO,0.032,0.471,6,0.735
RUE,-0.623,0.341,11,0.753
RUGBY,-0.231,0.656,5,0.798
RUIN,-0.529,0.446,13,0.852
RULE,-0.181,0.394,101,0.77
RULED,-0.096,0.672,7,0.78
RULES,-0.287,0.471,379,0.791
RUN,-0.082,0.558,154,0.789
RUNS,-0.384,0.592,36,0.817
RURAL,-0.127,0.649,17,0.787
RUSAL,-0.32,0.499,31,0.789
RUSH,0.016,0.513,63,0.778
RYAN,-0.106,0.49,9,0.842
S,-0.153,0.601,16435,0.799
SABIC,0.123,0.313,14,0.856
SACHS,-0.197,0.559,176,0.806
SACK,-0.927,0.035,11,0.927
SACKS,-0.687,0.408,9,0.856
SAD,-0.435,0.403,5,0.754
SADIQ,-0.326,0.429,10,0.803
SAFE,-0.106,0.553,71,0.778
SAFER,0.249,0.618,8,0.784
SAG,-0.628,0.629,6,0.841
SAGA,-0.294,0.431,18,0.827
SAID,-0.022,0.203,131,0.901
SAIL,-0.184,0.412,5,0.814
SAJID,-0.209,0.481,15,0.822
SAKE,0.071,0.434,8,0.748
SAKS,-0.263,0.656,7,0.878
SALAD,-0.23,0.376,6,0.807
SALE,-0.083,0.428,376,0.824
SALES,-0.105,0.831,1222,0.873
SALT,-0.247,0.484,12,0.784
SALVO,-0.132,0.661,6,0.789
SAM,-0.347,0.41,6,0.776
SAN,-0.171,0.556,25,0.826
SANDS,-0.269,0.572,12,0.785
SANTA,-0.288,0.579,11,0.814
SAO,0.058,0.656,9,0.787
SAP,-0.033,0.595,25,0.834
SAS,-0.518,0.573,16,0.878
SAUDI,-0.035,0.541,532,0.784
SAVE,-0.02,0.439,133,0.779
SAVED,0.001,0.461,35,0.737
SAVES,0.105,0.554,12,0.669
SAW,0.303,0.688,18,0.835
SAY,-0.27,0.577,418,0.807
SAYS,-0.067,0.616,4157,0.793
SCALE,-0.293,0.553,38,0.779
SCAM,-0.528,0.625,9,0.888
SCAMS,-0.28,0.575,10,0.732
SCARE,-0.58,0.461,11,0.827
SCARS,-0.309,0.606,7,0.72
SCENE,-0.213,0.723,8,0.827
SCMP,-0.12,0.338,8,0.821
SCOPE,0.278,0.633,13,0.833
SCORE,0.154,0.528,9,0.778
SCOTT,-0.224,0.438,15,0.802
SCRAP,-0.366,0.468,41,0.717
SE,0.067,0.537,7,0.788
SEA,-0.182,0.546,47,0.805
SEAL,0.117,0.57,14,0.778
SEALS,0.585,0.374,12,0.764
SEARS,-0.223,0.458,62,0.8
SEAT,-0.235,0.483,47,0.797
SEATS,-0.121,0.505,22,0.801
SEE,-0.153,0.622,179,0.782
SEED,-0.235,0.691,6,0.794
SEEDS,-0.031,0.44,7,0.741
SEEK,-0.113,0.548,197,0.762
SEEKS,-0.011,0.569,401,0.784
SEEM,-0.293,0.363,9,0.689
SEEMS,-0.192,0.298,16,0.732
SEEN,-0.144,0.719,171,0.81
SEES,0.08,0.769,551,0.834
SEIYU,0.0,0.0,5,0.845
SEIZE,-0.208,0.395,13,0.802
SELF,-0.067,0.491,192,0.799
SELL,-0.096,0.414,455,0.829
SELLS,-0.029,0.32,103,0.867
SEMI,0.328,0.454,8,0.812
SEN,-0.021,0.486,5,0.761
SEND,-0.251,0.552,42,0.771
SENDS,-0.294,0.641,42,0.767
SENSE,-0.179,0.389,27,0.783
SENT,-0.313,0.571,25,0.879
SEOUL,0.131,0.346,7,0.857
SEPT,-0.234,0.59,10,0.886
SERCO,-0.44,0.616,12,0.877
SERVE,0.126,0.394,20,0.791
SET,-0.111,0.519,339,0.804
SETS,0.033,0.377,140,0.792
SEVEN,-0.383,0.633,91,0.853
SEX,-0.356,0.44,19,0.843
SFO,-0.472,0.43,10,0.785
SHACK,-0.311,0.482,6,0.835
SHAKE,-0.431,0.479,67,0.797
SHALE,-0.01,0.602,65,0.807
SHAME,-0.239,0.462,12,0.774
SHANA,-0.152,0.302,9,0.652
SHAPE,0.005,0.561,28,0.845
SHARE,-0.131,0.604,211,0.829
SHARK,0.289,0.409,5,0.768
SHE,-0.287,0.541,22,0.836
SHED,-0.578,0.536,25,0.917
SHEDS,-0.579,0.59,20,0.831
SHEET,-0.061,0.62,21,0.81
SHELL,-0.216,0.584,82,0.803
SHIFT,-0.034,0.563,112,0.763
SHINE,-0.249,0.608,16,0.705
SHIP,-0.312,0.47,29,0.79
SHIPS,-0.207,0.427,16,0.711
SHIRE,-0.037,0.531,40,0.738
SHIRT,-0.736,0.375,6,0.818
SHOCK,-0.473,0.541,61,0.783
SHOE,-0.473,0.468,7,0.821
SHOES,0.127,0.336,7,0.869
SHOOT,-0.111,0.271,6,0.863
SHOP,-0.206,0.575,464,0.821
SHOPS,-0.352,0.545,101,0.828
SHORE,0.512,0.492,16,0.735
SHOT,-0.005,0.489,17,0.74
SHOW,-0.044,0.615,201,0.798
SHOWN,0.534,0.489,5,0.879
SHOWS,-0.153,0.667,174,0.801
SHRUG,0.118,0.65,18,0.682
SHUN,-0.563,0.435,26,0.815
SHUNS,-0.735,0.363,6,0.864
SHUT,-0.759,0.358,116,0.872
SHUTS,-0.892,0.151,56,0.901
SHY,-0.252,0.674,5,0.729
SICK,-0.698,0.356,27,0.822
SIDE,-0.129,0.446,28,0.793
SIDES,-0.475,0.4,19,0.73
SIGHT,0.03,0.562,14,0.777
SIGN,0.168,0.604,123,0.785
SIGNS,0.303,0.66,164,0.801
SILK,0.0,0.0,6,0.862
SIMON,-0.2,0.371,8,0.761
SINCE,-0.431,0.714,362,0.868
SINK,-0.68,0.526,69,0.867
SINKS,-0.737,0.446,54,0.887
SINO,-0.197,0.769,12,0.828
SIR,-0.222,0.398,44,0.796
SIRI,-0.141,0.315,5,0.723
SIT,-0.41,0.444,8,0.86
SITE,-0.303,0.498,80,0.817
SITES,-0.15,0.606,40,0.818
SIX,-0.257,0.712,160,0.83
SIXTH,-0.361,0.795,10,0.824
SIZE,-0.145,0.297,28,0.765
SIZED,0.152,0.585,14,0.822
SK,-0.032,0.6,9,0.807
SKID,-0.965,0.005,10,0.965
SKIDS,-0.946,0.016,6,0.946
SKIES,0.024,0.52,12,0.794
SKIN,0.097,0.267,16,0.778
SKIP,-0.142,0.583,7,0.816
SKIPS,-0.716,0.351,7,0.844
SKIRT,-0.158,0.353,5,0.732
SKODA,-0.297,0.753,21,0.814
SKY,0.036,0.419,160,0.811
SLACK,0.003,0.648,25,0.798
SLAM,-0.549,0.492,16,0.809
SLAMS,-0.603,0.433,53,0.772
SLAP,-0.457,0.553,8,0.774
SLAPS,-0.929,0.023,7,0.929
SLASH,-0.758,0.457,57,0.885
SLATE,-0.002,0.373,8,0.791
SLEEP,-0.233,0.366,13,0.742
SLIDE,-0.823,0.392,159,0.918
SLIM,0.11,0.615,11,0.759
SLIP,-0.83,0.378,87,0.921
SLIPS,-0.801,0.366,88,0.881
SLOT,0.0,0.0,5,0.754
SLOTS,0.06,0.578,15,0.806
SLOWS,-0.877,0.277,103,0.924
SLUMP,-0.608,0.629,227,0.886
SMART,0.047,0.478,49,0.789
SMITH,-0.323,0.542,34,0.84
SMOKE,-0.115,0.498,7,0.806
SNACK,-0.354,0.824,5,0.907
SNAG,-0.203,0.748,12,0.779
SNAGS,-0.196,0.824,10,0.863
SNAP,-0.126,0.593,58,0.785
SNAPS,-0.352,0.61,18,0.802
SNP,-0.268,0.57,9,0.713
SNUB,-0.619,0.417,17,0.76
SNUBS,-0.719,0.322,7,0.799
SOAR,0.138,0.771,108,0.79
SOARS,0.04,0.716,47,0.752
SOLAR,-0.082,0.608,78,0.806
SOLD,-0.088,0.378,87,0.854
SOLE,-0.122,0.311,14,0.826
SOLID,0.576,0.58,34,0.84
SOLO,-0.183,0.515,9,0.778
SOLVE,-0.031,0.404,24,0.747
SON,-0.039,0.491,39,0.831
SONG,-0.043,0.354,8,0.739
SONOS,-0.173,0.351,9,0.864
SONY,-0.063,0.572,32,0.796
SOON,0.007,0.466,156,0.809
SOROS,0.008,0.37,28,0.785
SORRY,-0.387,0.507,20,0.827
SORT,-0.193,0.336,7,0.731
SOUND,-0.337,0.516,18,0.777
SOUP,0.032,0.454,25,0.833
SOUR,-0.778,0.341,20,0.902
SOURS,-0.946,0.019,7,0.946
SOUTH,-0.252,0.638,282,0.81
SOY,-0.266,0.585,17,0.781
SPACE,-0.112,0.539,74,0.815
SPAIN,-0.265,0.596,62,0.785
SPAR,-0.34,0.605,8,0.795
SPARE,-0.248,0.586,14,0.802
SPARK,-0.267,0.598,37,0.751
SPAT,-0.278,0.704,54,0.794
SPEAK,-0.078,0.269,12,0.873
SPEC,0.414,0.464,6,0.789
SPEED,0.173,0.568,68,0.785
SPELL,-0.536,0.524,19,0.827
SPEND,0.087,0.543,80,0.787
SPENT,-0.13,0.431,26,0.8
SPIKE,-0.322,0.736,37,0.823
SPILL,-0.342,0.687,11,0.837
SPIN,-0.049,0.372,32,0.818
SPLIT,-0.167,0.451,68,0.803
SPOKE,-0.039,0.582,5,0.794
SPOOK,-0.928,0.023,5,0.928
SPORT,0.121,0.309,14,0.818
SPOT,0.22,0.635,45,0.796
SPOTS,-0.027,0.82,7,0.797
SPREE,-0.139,0.52,27,0.681
SPUR,0.125,0.752,17,0.771
SPURS,0.018,0.806,28,0.798
SPY,-0.353,0.428,53,0.751
SQ,-0.333,0.593,153,0.805
SRI,-0.575,0.435,9,0.846
SSE,-0.273,0.726,16,0.841
ST,-0.171,0.75,111,0.811
STAFF,-0.525,0.533,397,0.855
STAGE,-0.061,0.5,45,0.825
STAKE,-0.017,0.371,398,0.848
STALL,-0.41,0.521,36,0.849
STAMP,-0.274,0.534,22,0.818
STAN,-0.034,0.613,5,0.854
STAND,-0.138,0.407,61,0.774
STAR,-0.061,0.478,81,0.812
STARS,-0.017,0.443,19,0.803
STATE,-0.105,0.548,321,0.791
STATS,-0.013,0.388,8,0.841
STAVE,0.026,0.65,13,0.716
STAY,-0.173,0.512,137,0.807
STAYS,0.049,0.628,25,0.791
STEAK,-0.185,0.414,5,0.856
STEAL,-0.128,0.296,11,0.79
STEAM,-0.023,0.895,22,0.903
STEEL,-0.162,0.605,229,0.786
STEEP,-0.471,0.671,20,0.852
STEER,0.089,0.366,12,0.817
STEM,0.068,0.596,14,0.729
STEP,-0.061,0.491,180,0.711
STEPS,-0.177,0.563,152,0.74
STEVE,-0.324,0.38,25,0.735
STICK,0.011,0.315,27,0.781
STILL,-0.061,0.577,392,0.766
STIRS,-0.604,0.596,13,0.822
STOCK,-0.134,0.579,885,0.812
STOKE,-0.568,0.625,9,0.866
STOLE,-0.417,0.415,11,0.744
STONE,-0.197,0.393,9,0.805
STOP,-0.396,0.432,246,0.765
STOPS,-0.675,0.403,39,0.846
STORE,-0.291,0.61,209,0.848
STORM,-0.431,0.551,56,0.802
STORY,-0.009,0.396,51,0.797
STRIP,-0.105,0.235,5,0.771
STUCK,-0.345,0.431,12,0.804
STUDY,-0.233,0.57,143,0.788
STUFF,-0.181,0.352,8,0.735
STUNG,-0.767,0.347,7,0.823
STUNT,-0.71,0.38,10,0.892
STYLE,-0.179,0.438,60,0.786
SUB,-0.222,0.638,10,0.785
SUE,-0.734,0.348,59,0.864
SUED,-0.872,0.182,52,0.898
SUES,-0.877,0.156,119,0.896
SUGAR,-0.103,0.575,26,0.797
SUING,-0.675,0.333,12,0.765
SUIT,-0.544,0.431,35,0.792
SUITS,-0.393,0.453,11,0.818
SUN,-0.27,0.583,16,0.836
SUNAK,-0.118,0.532,77,0.762
SUPER,0.068,0.475,59,0.823
SURE,0.164,0.334,9,0.826
SURGE,0.158,0.777,257,0.804
SUV,0.262,0.623,59,0.785
SUVS,-0.282,0.634,34,0.854
SWAN,-0.081,0.319,12,0.788
SWAP,0.006,0.564,21,0.782
SWAPS,-0.049,0.449,6,0.802
SWEEP,-0.372,0.835,5,0.934
SWEET,0.112,0.42,22,0.786
SWIFT,-0.076,0.533,22,0.775
SWIPE,-0.192,0.584,9,0.753
SWISS,-0.241,0.568,97,0.795
SWOOP,0.039,0.709,6,0.758
SYRIA,-0.302,0.597,18,0.762
T,-0.185,0.592,52653,0.806
TABLE,-0.175,0.473,28,0.808
TACO,0.267,0.564,11,0.816
TAG,-0.018,0.407,11,0.786
TAKE,-0.12,0.423,535,0.816
TAKEN,-0.237,0.521,25,0.798
TAKES,-0.24,0.529,290,0.818
TALC,-0.486,0.54,30,0.837
TALE,-0.125,0.317,14,0.845
TALK,-0.127,0.514,110,0.788
TALKS,0.032,0.516,1114,0.796
TALL,0.312,0.401,7,0.76
TALLY,-0.043,0.634,8,0.698
TAME,0.241,0.682,16,0.757
TANK,-0.459,0.531,21,0.857
TANKS,-0.433,0.509,18,0.815
TAP,0.138,0.499,51,0.784
TAPE,-0.149,0.65,14,0.806
TAPS,0.028,0.396,75,0.819
TASK,-0.128,0.356,24,0.794
TASS,-0.177,0.397,5,0.805
TASTE,-0.043,0.423,20,0.789
TAT,-0.522,0.637,11,0.8
TATA,-0.183,0.566,24,0.766
TAX,-0.151,0.566,546,0.768
TAXES,-0.011,0.497,64,0.76
TAXI,0.019,0.586,28,0.779
TAXIS,-0.094,0.498,10,0.83
TD,0.151,0.37,6,0.896
TEA,0.116,0.329,8,0.84
TEACH,0.0,0.0,7,0.885
TEAM,0.072,0.458,78,0.769
TEAMS,0.29,0.472,36,0.802
TECH,-0.11,0.596,592,0.8
TED,-0.531,0.454,40,0.843
TEEN,-0.304,0.426,8,0.784
TEENS,0.103,0.253,6,0.828
TEETH,-0.141,0.525,8,0.784
TELCO,-0.196,0.623,18,0.838
TELL,-0.25,0.393,73,0.808
TELLS,-0.125,0.427,179,0.804
TEN,-0.208,0.459,29,0.814
TENS,-0.701,0.365,12,0.816
TEPID,-0.429,0.669,19,0.825
TERM,-0.122,0.567,157,0.815
TERMS,-0.056,0.534,60,0.802
TERRY,-0.49,0.406,6,0.763
TESCO,-0.23,0.552,132,0.808
TESLA,-0.14,0.575,757,0.801
TEST,-0.15,0.593,171,0.785
TESTS,-0.146,0.536,102,0.788
TEVA,-0.212,0.565,23,0.816
TEXAS,-0.194,0.558,68,0.82
TEXT,0.077,0.407,14,0.8
TFL,-0.55,0.468,8,0.861
THAI,-0.052,0.543,26,0.807
THAT,-0.217,0.509,534,0.792
THAW,-0.102,0.691,7,0.77
THEFT,-0.379,0.575,24,0.774
THEIR,-0.207,0.489,220,0.806
THEM,-0.212,0.401,89,0.79
THEME,-0.253,0.501,12,0.816
THESE,0.026,0.389,111,0.775
THEY,-0.226,0.446,263,0.8
THIAM,-0.444,0.604,11,0.849
THING,-0.042,0.491,38,0.786
THINK,-0.084,0.414,82,0.796
THIRD,-0.215,0.705,293,0.847
THIS,-0.035,0.519,690,0.802
THOSE,-0.138,0.42,29,0.787
THREE,-0.241,0.631,323,0.813
THROW,-0.268,0.418,11,0.71
TICKS,-0.233,0.543,6,0.648
TIDAL,-0.211,0.62,11,0.755
TIDE,-0.174,0.762,5,0.858
TIE,0.072,0.506,83,0.782
TIED,-0.472,0.538,19,0.844
TIES,-0.145,0.713,109,0.815
TIGER,0.068,0.481,8,0.693
TIGHT,-0.384,0.557,23,0.749
TILL,0.072,0.403,10,0.772
TIM,-0.002,0.478,46,0.814
TIME,-0.078,0.511,560,0.793
TIMES,-0.148,0.495,121,0.805
TIMS,-0.389,0.435,22,0.729
TINTO,-0.052,0.572,20,0.773
TINY,-0.112,0.397,11,0.736
TIP,-0.374,0.508,11,0.772
TIPS,-0.289,0.576,21,0.825
TIT,-0.522,0.637,11,0.8
TITLE,-0.106,0.736,6,0.765
TJX,-0.054,0.76,6,0.83
TMO,-0.104,0.643,6,0.849
TODAY,0.011,0.337,42,0.823
TOKYO,-0.256,0.488,48,0.715
TOLD,-0.293,0.489,124,0.788
TOLL,-0.74,0.372,69,0.861
TOM,0.064,0.523,13,0.776
TOMMY,-0.389,0.436,6,0.794
TONE,-0.141,0.494,6,0.666
TONY,-0.175,0.577,9,0.888
TOOK,-0.145,0.358,38,0.797
TOOL,-0.056,0.512,30,0.792
TOOLS,-0.013,0.58,34,0.785
TOP,-0.11,0.585,507,0.802
TOPS,0.588,0.537,115,0.831
TORY,-0.28,0.524,74,0.749
TOTAL,-0.123,0.629,65,0.792
TOUCH,-0.042,0.608,24,0.804
TOUGH,-0.412,0.621,86,0.812
TOUR,-0.25,0.492,21,0.853
TOURS,-0.17,0.38,5,0.745
TOUT,-0.167,0.315,8,0.751
TOUTS,-0.032,0.554,37,0.758
TOWER,-0.149,0.464,33,0.808
TOWN,-0.186,0.382,40,0.793
TOWNS,-0.205,0.652,21,0.799
TOXIC,-0.325,0.463,34,0.798
TOY,-0.281,0.59,20,0.789
TOYS,-0.299,0.58,61,0.828
TPG,-0.332,0.618,8,0.85
TPP,-0.205,0.754,7,0.808
TRACK,0.191,0.562,84,0.763
TRADE,-0.106,0.653,2843,0.792
TRAIL,-0.338,0.575,14,0.764
TRAIN,-0.301,0.497,57,0.827
TRANS,-0.094,0.502,21,0.782
TRAP,-0.047,0.593,5,0.776
TREAT,-0.152,0.57,20,0.791
TREE,-0.139,0.573,30,0.79
TREES,-0.213,0.396,8,0.81
TREND,-0.09,0.719,41,0.807
TRENT,0.101,0.954,7,0.887
TRIAL,-0.254,0.505,177,0.768
TRIAN,0.17,0.379,5,0.867
TRICK,-0.57,0.328,6,0.722
TRIED,-0.312,0.336,12,0.701
TRIES,-0.14,0.591,21,0.777
TRIM,-0.425,0.534,18,0.777
TRIMS,-0.379,0.585,21,0.762
TRIO,-0.149,0.364,6,0.774
TRIP,-0.161,0.507,18,0.807
TRIPS,-0.546,0.612,11,0.869
TRONC,0.0,0.0,5,0.925
TRUCE,-0.039,0.656,39,0.753
TRUCK,-0.009,0.591,58,0.79
TRUE,-0.063,0.285,31,0.818
TRULY,0.0,0.0,6,0.8
TRUMP,-0.14,0.557,2070,0.768
TRUST,-0.129,0.531,75,0.788
TRUTH,-0.08,0.229,25,0.799
TRY,-0.112,0.522,51,0.782
TSAR,-0.686,0.386,5,0.853
TSB,-0.591,0.493,55,0.829
TSMC,-0.207,0.675,17,0.868
TUC,-0.181,0.757,10,0.815
TUI,-0.037,0.697,23,0.82
TUNE,-0.286,0.445,6,0.869
TURF,0.177,0.395,5,0.808
TURN,-0.166,0.498,149,0.796
TURNS,-0.128,0.482,88,0.788
TV,-0.151,0.515,154,0.793
TVS,0.066,0.638,9,0.824
TWEAK,0.093,0.668,11,0.81
TWEET,-0.28,0.49,53,0.769
TWICE,-0.174,0.475,21,0.775
TWIST,-0.122,0.272,5,0.795
TWO,-0.257,0.637,441,0.827
TYPE,-0.26,0.711,9,0.764
TYSON,-0.181,0.704,30,0.846
U,-0.167,0.659,6982,0.793
UAE,-0.075,0.608,28,0.789
UAW,-0.304,0.516,70,0.765
UBER,-0.199,0.54,442,0.807
UBS,-0.241,0.566,116,0.81
UGLY,-0.571,0.501,10,0.772
UK,-0.285,0.651,3096,0.824
UKTV,-0.032,0.383,7,0.811
ULTRA,0.022,0.425,17,0.839
UN,-0.163,0.494,33,0.758
UNCLE,-0.106,0.237,5,0.72
UNH,-0.338,0.416,9,0.757
UNION,-0.423,0.599,259,0.816
UNIT,-0.077,0.509,343,0.836
UNITE,-0.297,0.606,15,0.779
UNITS,-0.046,0.553,36,0.808
UNIZO,0.383,0.416,8,0.732
UNTIL,-0.314,0.396,161,0.785
UPS,-0.036,0.57,305,0.795
UPSET,-0.631,0.393,5,0.798
URBAN,0.014,0.556,14,0.796
URGE,-0.153,0.553,102,0.703
URGED,-0.254,0.441,80,0.727
URGES,0.06,0.532,222,0.722
US,-0.251,0.624,1116,0.805
USAGE,0.001,0.768,7,0.904
USDA,-0.049,0.564,13,0.788
USE,-0.105,0.438,194,0.811
USED,-0.053,0.412,65,0.801
USER,-0.32,0.599,35,0.809
USERS,-0.165,0.639,103,0.836
USES,-0.081,0.417,14,0.781
USING,-0.227,0.456,78,0.781
USMCA,0.119,0.502,51,0.801
USTR,0.133,0.473,38,0.79
USUAL,0.011,0.398,6,0.808
UTC,0.136,0.677,15,0.789
V,-0.19,0.587,25505,0.805
VAGUE,-0.236,0.383,6,0.804
VALE,-0.455,0.488,20,0.774
VALUE,-0.094,0.705,144,0.814
VAN,0.089,0.476,20,0.808
VANS,0.033,0.505,16,0.772
VAPE,-0.2,0.767,5,0.815
VAST,0.074,0.197,7,0.701
VAT,-0.395,0.536,19,0.828
VE,-0.045,0.463,71,0.779
VEG,0.167,0.562,6,0.778
VEGAN,0.201,0.422,51,0.797
VEGAS,0.051,0.649,13,0.816
VENUE,-0.292,0.491,8,0.733
VERDI,-0.501,0.482,5,0.807
VERGE,-0.483,0.589,13,0.788
VETO,-0.257,0.481,5,0.627
VIA,-0.066,0.495,34,0.772
VICE,-0.013,0.49,44,0.809
VIDEO,-0.217,0.469,94,0.789
VIE,-0.194,0.521,10,0.852
VIEW,-0.045,0.486,422,0.821
VIEWS,-0.098,0.647,21,0.795
VINYL,0.0,0.0,5,0.748
VIRAL,-0.297,0.514,17,0.844
VIRUS,-0.443,0.65,424,0.829
VISA,-0.018,0.697,57,0.826
VISAS,-0.675,0.344,6,0.824
VISIT,-0.036,0.433,38,0.764
VITAL,0.132,0.543,21,0.735
VITOL,-0.326,0.429,7,0.821
VOGUE,-0.367,0.503,5,0.881
VOICE,-0.219,0.507,30,0.827
VOLVO,-0.112,0.615,66,0.808
VOTE,-0.229,0.509,218,0.755
VOTED,-0.18,0.465,10,0.737
VOTES,-0.073,0.471,35,0.718
VOW,-0.113,0.675,18,0.723
VOWS,-0.086,0.631,97,0.742
VP,-0.029,0.418,5,0.707
VR,0.156,0.382,6,0.861
VS,-0.306,0.561,44,0.817
VW,-0.096,0.6,206,0.808
VYING,-0.246,0.693,5,0.787
WAGE,-0.237,0.691,128,0.8
WAGES,-0.229,0.707,67,0.772
WAIT,-0.104,0.409,49,0.821
WAIVE,-0.239,0.646,11,0.768
WAKE,-0.358,0.58,66,0.811
WALES,-0.344,0.626,26,0.824
WALK,-0.537,0.453,18,0.814
WALKS,-0.614,0.5,9,0.778
WALL,-0.175,0.713,928,0.8
WALSH,-0.246,0.536,9,0.805
WALT,-0.138,0.537,8,0.845
WANDA,-0.042,0.562,7,0.75
WANE,-0.432,0.697,7,0.805
WANES,-0.834,0.191,5,0.834
WANG,-0.312,0.427,5,0.862
WANT,-0.076,0.316,155,0.806
WANTS,-0.031,0.414,199,0.784
WAR,-0.303,0.602,688,0.794
WARD,0.122,0.601,5,0.746
WARN,-0.711,0.38,117,0.843
WARNS,-0.75,0.368,534,0.858
WARS,-0.278,0.502,81,0.805
WARY,-0.222,0.545,35,0.764
WAS,-0.188,0.496,272,0.803
WASH,-0.508,0.434,8,0.79
WASN,0.0,0.0,8,0.825
WASTE,-0.198,0.453,86,0.796
WATCH,-0.257,0.462,144,0.762
WATER,-0.358,0.499,88,0.779
WAVE,-0.459,0.507,53,0.812
WAVES,-0.531,0.365,8,0.652
WAY,0.062,0.465,164,0.785
WAYMO,-0.019,0.396,24,0.826
WAYS,0.104,0.392,41,0.828
WE,-0.025,0.447,520,0.786
WEAR,-0.025,0.343,17,0.824
WEB,-0.331,0.485,21,0.821
WEED,-0.161,0.414,23,0.795
WEEK,-0.152,0.547,487,0.82
WEEKS,-0.222,0.579,78,0.824
WEF,-0.172,0.773,8,0.808
WEIGH,-0.512,0.581,113,0.849
WELCH,0.0,0.0,6,0.873
WELL,0.279,0.64,87,0.799
WELLS,-0.288,0.542,174,0.814
WELSH,-0.167,0.591,12,0.749
WELT,-0.04,0.582,5,0.871
WENDY,-0.168,0.562,16,0.808
WENT,0.063,0.512,30,0.797
WERE,-0.254,0.501,66,0.807
WEST,-0.071,0.54,54,0.805
WH,-0.477,0.562,14,0.859
WHARF,-0.313,0.437,5,0.855
WHAT,-0.077,0.244,518,0.827
WHEAT,-0.169,0.66,5,0.672
WHEEL,-0.071,0.422,8,0.747
WHICH,-0.237,0.392,73,0.829
WHILE,-0.242,0.551,73,0.811
WHITE,-0.02,0.472,269,0.797
WHO,-0.126,0.361,244,0.814
WHOLE,-0.348,0.435,37,0.831
WHOSE,-0.143,0.35,6,0.885
WIDEN,-0.179,0.75,17,0.772
WIDER,-0.234,0.616,12,0.776
WIFE,-0.256,0.466,30,0.729
WILD,-0.103,0.479,22,0.776
WILLS,0.0,0.0,8,0.864
WIN,0.219,0.599,179,0.748
WIND,-0.164,0.559,45,0.772
WINDS,-0.297,0.541,10,0.745
WINE,-0.194,0.546,47,0.789
WINES,-0.187,0.418,5,0.86
WING,-0.066,0.645,13,0.85
WINGS,0.082,0.55,11,0.736
WINS,0.397,0.613,206,0.769
WIPE,-0.794,0.34,14,0.903
WIPED,-0.779,0.385,11,0.928
WIPES,-0.755,0.416,16,0.855
WIRE,-0.429,0.468,8,0.863
WISH,0.034,0.55,5,0.82
WIZZ,-0.113,0.654,12,0.832
WOES,-0.439,0.638,106,0.837
WOLF,-0.3,0.413,5,0.825
WOMAN,-0.226,0.483,37,0.809
WOMEN,-0.208,0.483,149,0.808
WON,-0.084,0.378,251,0.759
WONGA,-0.319,0.47,26,0.793
WOO,0.54,0.411,12,0.814
WOODS,-0.248,0.386,6,0.711
WOOS,0.476,0.671,7,0.776
WORD,-0.137,0.355,28,0.793
WORDS,0.094,0.348,25,0.766
WORK,-0.155,0.543,307,0.818
WORKS,-0.025,0.359,33,0.769
WORLD,-0.109,0.553,623,0.802
WORRY,-0.436,0.542,71,0.834
WORSE,-0.824,0.371,60,0.907
WORST,-0.704,0.481,159,0.862
WORTH,0.049,0.416,151,0.795
WOULD,-0.238,0.568,307,0.803
WOW,0.321,0.687,6,0.789
WPP,-0.27,0.515,86,0.83
WRAP,0.064,0.192,9,0.853
WRAPS,-0.328,0.372,6,0.691
WRITE,-0.637,0.394,12,0.856
WRONG,-0.385,0.414,94,0.756
WSJ,-0.184,0.459,183,0.819
WTO,-0.271,0.581,146,0.765
WUHAN,-0.236,0.629,15,0.762
WWE,0.108,0.24,5,0.749
WYNN,-0.34,0.496,29,0.82
X,-0.08,0.615,31,0.836
XEROX,-0.178,0.567,47,0.821
XI,0.154,0.486,99,0.794
XL,0.015,0.572,14,0.793
XR,-0.371,0.728,5,0.838
Y,-0.148,0.737,16,0.883
YAHOO,-0.181,0.524,12,0.858
YEAR,-0.167,0.732,1004,0.838
YEARS,-0.189,0.664,471,0.812
YELP,0.007,0.573,6,0.876
YEN,-0.275,0.68,25,0.741
YES,-0.135,0.415,20,0.831
YIELD,-0.175,0.604,70,0.755
YORK,-0.235,0.565,218,0.8
YOU,-0.058,0.246,347,0.839
YOUR,-0.084,0.271,229,0.829
YOUTH,-0.167,0.443,9,0.737
YUAN,-0.212,0.674,46,0.785
YUM,-0.097,0.649,19,0.849
Z,-0.049,0.342,9,0.688
ZARA,-0.016,0.609,10,0.846
ZERO,-0.156,0.616,73,0.807
ZONE,-0.273,0.651,43,0.799
ZOOM,-0.029,0.551,37,0.812
ZOOMS,0.217,0.691,6,0.806
ZOOX,0.214,0.296,5,0.693
ZTE,-0.217,0.589,123,0.769
