ticker,first_date,last_date,trading_days,total_mentions,overall_avg_sentiment,overall_sentiment_std,avg_daily_sentiment_std
T,2017-12-17,2020-07-18,931,52613,-0.18,0.133,0.57
C,2017-12-17,2020-07-18,931,47283,-0.184,0.138,0.571
V,2017-12-17,2020-07-18,922,25490,-0.178,0.173,0.56
S,2017-12-17,2020-07-18,918,16428,-0.152,0.203,0.564
MA,2017-12-17,2020-07-18,904,13906,-0.18,0.2,0.559
GE,2017-12-17,2020-07-18,901,10203,-0.179,0.237,0.551
BA,2017-12-17,2020-07-18,891,8200,-0.207,0.257,0.533
U,2018-03-02,2020-07-17,787,6982,-0.163,0.314,0.631
AS,2017-12-17,2020-07-18,852,5708,-0.316,0.345,0.62
SAYS,2017-12-17,2020-07-18,819,4156,-0.067,0.36,0.556
CHINA,2017-12-17,2020-07-17,765,3793,-0.111,0.428,0.576
A,2017-12-17,2020-07-18,807,3386,-0.121,0.303,0.458
UK,2017-12-17,2020-07-18,773,3093,-0.263,0.425,0.6
TRADE,2017-12-17,2020-07-18,707,2843,-0.118,0.462,0.565
MS,2017-12-17,2020-07-18,773,2655,-0.24,0.406,0.517
DEAL,2017-12-18,2020-07-18,719,2384,-0.023,0.439,0.525
IT,2017-12-18,2020-07-18,767,2202,-0.197,0.404,0.503
IS,2017-12-17,2020-07-18,748,2190,-0.094,0.332,0.385
TRUMP,2017-12-18,2020-07-16,677,2068,-0.138,0.414,0.477
DIS,2017-12-20,2020-07-18,690,1659,-0.338,0.414,0.459
OIL,2017-12-18,2020-07-17,628,1655,-0.172,0.575,0.562
BAC,2017-12-18,2020-07-18,646,1430,-0.145,0.456,0.501
GS,2017-12-18,2020-07-17,655,1430,-0.164,0.485,0.534
BE,2017-12-17,2020-07-18,661,1414,-0.124,0.371,0.353
BANK,2017-12-20,2020-07-18,589,1231,-0.239,0.462,0.462
SALES,2017-12-18,2020-07-17,564,1220,-0.095,0.66,0.695
COULD,2017-12-17,2020-07-17,596,1138,-0.312,0.504,0.479
US,2017-12-17,2020-07-17,582,1113,-0.262,0.518,0.499
TALKS,2017-12-21,2020-07-17,547,1113,0.016,0.412,0.411
MAY,2017-12-18,2020-07-16,553,1100,-0.304,0.463,0.521
FED,2018-01-03,2020-07-17,440,1079,-0.125,0.472,0.496
EU,2017-12-18,2020-07-17,505,1042,-0.156,0.494,0.493
YEAR,2017-12-17,2020-07-17,538,1004,-0.175,0.611,0.62
WALL,2018-01-02,2020-07-17,557,928,-0.173,0.626,0.579
CUT,2017-12-17,2020-07-18,456,923,-0.504,0.528,0.456
HIT,2017-12-17,2020-07-15,482,905,-0.383,0.612,0.532
STOCK,2017-12-22,2020-07-16,494,885,-0.12,0.488,0.46
ARE,2017-12-18,2020-07-16,522,879,-0.221,0.419,0.391
OUT,2017-12-17,2020-07-17,508,854,-0.274,0.456,0.419
FIRST,2017-12-19,2020-07-17,488,845,-0.077,0.527,0.49
PAY,2017-12-17,2020-07-17,502,836,-0.348,0.512,0.444
ITS,2017-12-20,2020-07-17,509,830,-0.168,0.504,0.428
JOBS,2017-12-17,2020-07-18,442,827,-0.632,0.505,0.33
AMID,2017-12-19,2020-07-18,446,798,-0.491,0.557,0.504
PLANS,2017-12-18,2020-07-17,477,793,-0.128,0.425,0.426
CUTS,2017-12-22,2020-07-18,414,761,-0.525,0.542,0.419
TESLA,2017-12-31,2020-07-18,407,757,-0.143,0.516,0.437
HAS,2017-12-17,2020-07-17,476,754,-0.133,0.468,0.408
LIVE,2017-12-18,2020-07-17,555,744,-0.387,0.647,0.5
PLAN,2017-12-19,2020-07-17,460,731,-0.11,0.486,0.458
FIRMS,2017-12-17,2020-07-18,462,729,-0.316,0.512,0.464
KO,2017-12-21,2020-07-15,397,712,-0.237,0.52,0.526
BUY,2017-12-17,2020-07-14,456,712,0.068,0.316,0.208
OFF,2017-12-18,2020-07-16,458,703,-0.331,0.554,0.466
RISE,2017-12-25,2020-07-17,443,702,0.188,0.656,0.633
THIS,2017-12-17,2020-07-17,451,690,-0.043,0.464,0.407
WAR,2018-01-04,2020-06-17,365,687,-0.291,0.518,0.477
MAX,2018-03-21,2020-07-14,274,684,-0.235,0.514,0.483
HON,2017-12-25,2020-07-15,407,680,-0.203,0.544,0.517
APPLE,2017-12-28,2020-07-16,370,673,-0.135,0.511,0.459
BACK,2017-12-18,2020-07-18,437,670,-0.126,0.497,0.516
CAT,2017-12-19,2020-07-18,437,667,-0.146,0.428,0.437
FALL,2017-12-19,2020-07-16,408,653,-0.851,0.303,0.145
DOWN,2017-12-17,2020-07-16,417,631,-0.552,0.407,0.345
DATA,2017-12-20,2020-07-18,354,631,-0.223,0.529,0.51
WORLD,2017-12-19,2020-07-18,410,623,-0.108,0.506,0.419
CHIEF,2017-12-22,2020-07-16,395,598,-0.268,0.431,0.376
TECH,2017-12-17,2020-07-17,381,591,-0.118,0.53,0.48
FEARS,2017-12-31,2020-07-14,366,577,-0.634,0.503,0.384
COURT,2017-12-19,2020-07-16,381,573,-0.451,0.434,0.358
HAVE,2017-12-18,2020-07-17,401,570,-0.216,0.47,0.408
TIME,2017-12-17,2020-07-16,389,560,-0.08,0.471,0.373
SEES,2018-01-02,2020-07-16,352,551,0.08,0.675,0.597
HOUSE,2017-12-19,2020-07-16,373,549,-0.202,0.527,0.434
TAX,2017-12-18,2020-07-16,364,545,-0.133,0.519,0.454
ROUND,2018-01-02,2020-07-17,489,540,0.027,0.381,0.302
TAKE,2018-01-10,2020-07-17,374,535,-0.125,0.383,0.283
THAT,2017-12-20,2020-07-17,380,533,-0.227,0.447,0.417
SAUDI,2018-01-05,2020-07-02,250,532,-0.027,0.484,0.394
WARNS,2017-12-18,2020-07-16,365,532,-0.75,0.339,0.219
FIRM,2017-12-20,2020-07-17,362,523,-0.177,0.531,0.437
WE,2017-12-19,2020-07-18,380,518,-0.03,0.396,0.373
WHAT,2017-12-31,2020-07-18,374,518,-0.078,0.232,0.11
TOP,2017-12-19,2020-07-18,364,507,-0.101,0.534,0.486
JIM,2018-03-29,2020-07-17,264,497,-0.047,0.436,0.368
PRICE,2017-12-21,2020-07-15,353,496,-0.26,0.585,0.559
BANKS,2017-12-18,2020-07-17,332,494,-0.156,0.503,0.462
NEXT,2017-12-18,2020-07-16,347,492,-0.06,0.44,0.31
CAR,2017-12-21,2020-07-16,341,491,-0.239,0.553,0.429
MONEY,2017-12-25,2020-07-17,346,490,-0.18,0.383,0.291
HITS,2017-12-28,2020-07-18,330,488,-0.341,0.665,0.544
WEEK,2017-12-18,2020-07-18,334,486,-0.14,0.475,0.466
AHEAD,2017-12-31,2020-07-17,341,480,-0.028,0.533,0.512
YEARS,2017-12-20,2020-07-17,358,471,-0.188,0.602,0.543
JAPAN,2018-01-28,2020-07-16,310,469,-0.129,0.565,0.475
IF,2017-12-18,2020-07-17,341,469,-0.198,0.441,0.282
RATE,2017-12-28,2020-07-16,277,469,-0.177,0.578,0.528
SHOP,2017-12-17,2020-07-16,330,464,-0.208,0.54,0.423
COVID,2020-02-18,2020-07-18,114,464,-0.234,0.41,0.553
RISK,2018-01-04,2020-07-16,334,461,-0.495,0.518,0.471
SELL,2018-01-03,2020-07-15,319,455,-0.086,0.376,0.263
BOSS,2017-12-30,2020-07-17,325,454,-0.332,0.454,0.366
AIR,2017-12-21,2020-07-16,287,453,-0.149,0.578,0.442
FUND,2017-12-19,2020-07-17,327,450,-0.072,0.495,0.444
UBER,2017-12-17,2020-07-16,300,440,-0.18,0.483,0.428
TWO,2017-12-25,2020-07-08,318,440,-0.269,0.581,0.579
BOARD,2018-01-16,2020-07-08,312,436,-0.209,0.396,0.284
VIRUS,2020-01-21,2020-07-17,133,424,-0.435,0.47,0.56
VIEW,2017-12-17,2020-07-15,337,422,-0.05,0.445,0.4
SAY,2017-12-18,2020-07-17,316,418,-0.271,0.538,0.45
ONE,2017-12-18,2020-07-15,301,418,-0.198,0.49,0.401
I,2017-12-22,2020-07-18,331,417,-0.086,0.368,0.213
BID,2018-01-17,2020-07-14,292,415,-0.095,0.528,0.393
FACE,2017-12-18,2020-07-15,303,413,-0.582,0.437,0.268
NILS,2017-12-19,2020-07-17,366,413,-0.18,0.354,0.342
GOOGL,2018-01-25,2020-07-17,282,412,-0.146,0.484,0.445
GOOG,2018-01-25,2020-07-17,282,412,-0.146,0.484,0.445
GET,2017-12-19,2020-07-15,324,408,-0.037,0.442,0.336
FACES,2017-12-19,2020-07-17,312,408,-0.668,0.415,0.248
MUST,2017-12-17,2020-07-18,317,404,-0.091,0.363,0.223
GROUP,2017-12-27,2020-07-17,297,403,-0.142,0.486,0.471
SEEKS,2018-01-02,2020-07-13,306,401,-0.011,0.541,0.406
STAKE,2018-03-19,2020-07-15,284,397,-0.021,0.348,0.196
STAFF,2017-12-17,2020-07-18,277,396,-0.528,0.487,0.429
STILL,2017-12-21,2020-07-16,296,391,-0.067,0.539,0.439
CLOSE,2018-01-04,2020-07-18,281,391,-0.366,0.522,0.435
GHOSN,2018-06-13,2020-07-13,157,389,-0.265,0.346,0.323
PLANT,2017-12-19,2020-07-15,276,388,-0.235,0.556,0.361
JOB,2018-01-05,2020-07-16,277,387,-0.492,0.567,0.416
PROBE,2018-03-21,2020-07-17,272,387,-0.406,0.437,0.399
BOOST,2017-12-18,2020-07-16,295,385,0.575,0.525,0.299
CASE,2018-01-09,2020-07-16,284,383,-0.332,0.483,0.352
RULES,2017-12-18,2020-07-18,287,379,-0.282,0.441,0.355
SALE,2017-12-30,2020-07-16,287,376,-0.089,0.406,0.249
CALLS,2017-12-31,2020-07-18,285,368,-0.228,0.527,0.398
P,2017-12-27,2020-07-17,271,364,-0.178,0.676,0.565
SINCE,2017-12-22,2020-07-16,265,362,-0.449,0.649,0.547
MAKE,2017-12-18,2020-07-15,289,361,0.004,0.474,0.341
GM,2018-01-24,2020-07-08,245,353,-0.191,0.561,0.478
REMIX,2018-01-02,2020-01-17,304,350,-0.016,0.376,0.233
HOPES,2018-01-14,2020-07-15,252,350,0.323,0.653,0.466
RATES,2018-01-10,2020-07-16,236,348,-0.199,0.565,0.51
HUT,2017-12-17,2020-07-16,224,347,-0.676,0.424,0.336
YOU,2017-12-18,2020-07-17,288,347,-0.054,0.232,0.118
DAY,2017-12-18,2020-07-17,261,344,-0.221,0.564,0.453
INDIA,2018-02-22,2020-07-16,247,343,-0.07,0.572,0.482
UNIT,2018-03-21,2020-07-16,274,343,-0.089,0.478,0.398
DROP,2018-01-08,2020-07-17,264,341,-0.825,0.331,0.154
COST,2018-01-04,2020-07-17,274,341,-0.264,0.593,0.513
SET,2017-12-17,2020-07-16,271,339,-0.119,0.482,0.429
HOME,2017-12-19,2020-07-17,251,337,-0.158,0.549,0.514
CASH,2017-12-22,2020-07-16,259,335,-0.106,0.587,0.532
FALLS,2017-12-22,2020-07-17,258,328,-0.798,0.376,0.217
PUSH,2017-12-21,2020-07-16,254,328,-0.009,0.596,0.529
HELP,2017-12-25,2020-07-17,254,324,0.249,0.522,0.375
THREE,2017-12-18,2020-07-16,253,323,-0.237,0.591,0.47
STATE,2018-01-03,2020-07-16,247,321,-0.129,0.501,0.496
DUE,2017-12-27,2020-07-17,210,315,-0.744,0.426,0.188
CARS,2018-01-03,2020-07-15,254,315,-0.069,0.523,0.472
FIGHT,2017-12-18,2020-07-15,247,312,-0.163,0.5,0.414
OPEC,2018-03-27,2020-07-16,178,308,-0.114,0.647,0.42
WOULD,2017-12-20,2020-07-17,247,307,-0.226,0.547,0.413
WORK,2018-01-02,2020-07-16,241,307,-0.141,0.513,0.398
NKE,2017-12-20,2020-07-17,245,306,-0.275,0.489,0.419
RALLY,2017-12-25,2020-07-17,230,305,-0.044,0.625,0.614
UPS,2017-12-18,2020-07-17,250,305,-0.047,0.55,0.406
AUTO,2018-01-14,2020-07-13,227,300,-0.288,0.625,0.569
BAN,2017-12-30,2020-07-18,236,300,-0.351,0.479,0.383
IRAN,2018-04-10,2020-07-14,149,295,-0.203,0.534,0.458
NEED,2018-01-10,2020-07-15,239,294,0.021,0.338,0.297
THIRD,2018-01-06,2020-07-15,217,293,-0.207,0.648,0.545
AN,2017-12-19,2020-07-18,243,293,-0.095,0.426,0.426
MONTH,2017-12-30,2020-07-17,230,291,-0.26,0.692,0.539
FIVE,2018-01-02,2020-07-18,241,291,-0.114,0.513,0.45
FORD,2018-01-11,2020-07-09,216,291,-0.153,0.57,0.53
TAKES,2017-12-28,2020-07-15,241,288,-0.232,0.508,0.34
RISES,2018-01-04,2020-07-15,239,288,0.168,0.7,0.731
GO,2017-12-17,2020-07-17,232,287,-0.113,0.473,0.261
EX,2018-01-09,2020-07-17,231,285,-0.444,0.419,0.308
COSTS,2018-01-10,2020-07-16,214,284,-0.285,0.699,0.569
DEBT,2017-12-31,2020-07-18,226,284,-0.164,0.573,0.544
SOUTH,2017-12-19,2020-07-08,218,282,-0.266,0.615,0.426
OFFER,2017-12-21,2020-07-16,227,278,0.061,0.495,0.384
MUSK,2018-01-23,2020-07-15,195,277,-0.095,0.478,0.367
CALL,2018-01-05,2020-07-18,231,276,-0.211,0.496,0.415
M,2018-01-03,2020-07-18,220,275,-0.128,0.493,0.435
POWER,2017-12-18,2020-07-16,228,273,-0.118,0.524,0.388
GAINS,2018-01-03,2020-07-15,225,273,0.143,0.763,0.401
LOSS,2017-12-19,2020-07-17,203,273,-0.696,0.465,0.328
WAS,2017-12-17,2020-07-17,225,271,-0.203,0.478,0.288
HE,2018-01-02,2020-07-10,220,269,-0.057,0.442,0.34
WHITE,2018-01-15,2020-07-16,209,269,-0.02,0.438,0.396
THEY,2017-12-18,2020-07-17,219,263,-0.215,0.417,0.356
FOOD,2017-12-20,2020-07-15,206,262,-0.124,0.51,0.427
UNION,2017-12-17,2020-07-17,209,259,-0.426,0.566,0.507
SURGE,2018-01-02,2020-07-17,202,257,0.158,0.728,0.645
DO,2017-12-18,2020-07-09,207,254,-0.02,0.356,0.21
OWNER,2017-12-19,2020-07-16,197,254,-0.331,0.509,0.414
OPEN,2018-01-03,2020-07-17,202,253,0.025,0.447,0.252
WON,2017-12-22,2020-06-25,208,251,-0.088,0.352,0.291
JET,2017-12-28,2020-07-02,198,250,-0.045,0.627,0.387
KEEP,2017-12-20,2020-07-17,206,250,-0.084,0.442,0.341
CRASH,2017-12-22,2020-07-07,163,249,-0.384,0.465,0.478
GREEN,2017-12-25,2020-07-15,186,248,0.005,0.451,0.33
STOP,2017-12-18,2020-07-17,204,246,-0.378,0.414,0.349
FIAT,2018-04-05,2020-07-10,163,246,-0.098,0.558,0.477
POST,2018-01-05,2020-07-16,202,244,-0.138,0.615,0.477
WHO,2017-12-21,2020-07-13,211,243,-0.128,0.346,0.253
DON,2017-12-18,2020-07-15,213,242,-0.096,0.293,0.156
COOK,2017-12-28,2020-05-01,97,241,-0.131,0.416,0.421
MOVE,2018-01-10,2020-07-16,195,240,-0.129,0.527,0.396
E,2017-12-17,2020-07-16,187,238,-0.159,0.537,0.445
LIKE,2018-01-04,2020-07-16,202,235,-0.093,0.399,0.258
ITALY,2018-01-12,2020-07-17,172,233,-0.147,0.506,0.405
YOUR,2017-12-19,2020-07-16,191,229,-0.077,0.253,0.169
STEEL,2017-12-17,2020-07-03,156,228,-0.187,0.601,0.433
GETS,2017-12-22,2020-07-18,201,228,0.224,0.521,0.51
MEET,2018-01-10,2020-07-10,185,228,0.04,0.445,0.362
SLUMP,2018-01-10,2020-07-16,186,227,-0.623,0.57,0.467
KEY,2017-12-22,2020-07-18,198,226,-0.074,0.498,0.382
HEAD,2018-01-17,2020-07-14,189,226,-0.133,0.422,0.325
NEWS,2017-12-25,2020-07-15,193,225,-0.107,0.513,0.449
URGES,2018-01-23,2020-07-09,182,222,0.058,0.504,0.406
ORDER,2017-12-18,2020-07-15,163,220,-0.106,0.639,0.46
RE,2017-12-18,2020-07-17,191,219,-0.039,0.51,0.399
THEIR,2017-12-20,2020-07-16,184,219,-0.204,0.468,0.344
YORK,2017-12-25,2020-07-16,180,218,-0.234,0.545,0.391
VOTE,2017-12-21,2020-07-17,180,218,-0.221,0.481,0.376
OUR,2017-12-17,2020-07-16,187,218,-0.084,0.488,0.276
RISKS,2017-12-28,2020-07-17,183,217,-0.316,0.572,0.371
LOWER,2018-01-02,2020-07-16,174,215,-0.475,0.632,0.431
JUDGE,2018-02-14,2020-07-16,179,215,-0.471,0.435,0.383
FUNDS,2017-12-20,2020-07-16,180,211,-0.131,0.498,0.43
SHARE,2017-12-22,2020-07-10,179,211,-0.126,0.575,0.471
STORE,2018-01-05,2020-07-16,181,209,-0.296,0.581,0.543
NORTH,2017-12-30,2020-07-17,168,209,-0.137,0.601,0.457
MEDIA,2018-01-18,2020-07-15,167,209,-0.186,0.435,0.413
RAISE,2018-02-22,2020-07-16,171,208,0.125,0.546,0.491
HIS,2018-01-02,2020-07-16,188,208,-0.141,0.394,0.344
HONG,2018-01-02,2020-07-15,136,208,-0.285,0.529,0.568
KONG,2018-01-02,2020-07-15,136,208,-0.285,0.529,0.568
WINS,2018-01-26,2020-07-17,176,206,0.403,0.595,0.397
VW,2017-12-31,2020-07-16,159,206,-0.103,0.576,0.361
NAMES,2017-12-28,2020-07-16,180,206,-0.028,0.208,0.062
MADE,2017-12-22,2020-07-05,183,203,-0.002,0.501,0.317
FREE,2017-12-21,2020-07-16,180,203,-0.011,0.43,0.257
LOAN,2018-01-17,2020-07-17,147,201,0.031,0.609,0.567
SHOW,2018-01-06,2020-07-14,173,201,-0.054,0.585,0.487
WANTS,2018-02-04,2020-07-05,169,199,-0.028,0.422,0.134
JUMP,2018-01-18,2020-07-15,165,199,0.121,0.686,0.493
MAKER,2018-01-14,2020-07-13,164,199,-0.093,0.571,0.523
BOND,2018-01-30,2020-07-10,156,198,-0.186,0.604,0.472
FOUR,2017-12-27,2020-07-18,169,198,-0.246,0.611,0.298
IMF,2017-12-20,2020-07-17,142,198,-0.218,0.608,0.347
SEEK,2018-02-06,2020-07-17,173,197,-0.093,0.545,0.328
FOCUS,2018-01-04,2020-07-16,168,195,-0.164,0.485,0.272
RAIL,2017-12-27,2020-07-06,153,195,-0.369,0.525,0.379
USE,2017-12-17,2020-07-09,173,194,-0.114,0.417,0.368
SELF,2018-01-03,2020-07-15,159,192,-0.053,0.466,0.323
DEALS,2017-12-18,2020-07-16,171,192,-0.082,0.577,0.36
AID,2018-03-25,2020-07-17,119,191,-0.013,0.572,0.533
PG,2018-03-23,2020-07-16,150,191,-0.101,0.532,0.361
CITY,2017-12-17,2020-07-18,162,191,-0.241,0.528,0.318
HOLD,2018-01-12,2020-07-13,163,190,-0.185,0.485,0.436
MAJOR,2017-12-28,2020-07-15,163,190,-0.227,0.597,0.539
BEATS,2018-01-26,2020-07-17,134,189,0.467,0.603,0.413
GAS,2017-12-19,2020-07-16,157,186,-0.173,0.589,0.447
JUNE,2018-01-08,2020-07-15,121,186,-0.146,0.575,0.473
LAST,2017-12-18,2020-07-08,161,186,-0.174,0.527,0.492
JPM,2018-04-02,2020-07-14,152,185,-0.104,0.507,0.334
BEST,2017-12-17,2020-07-12,158,185,0.175,0.471,0.44
BUILD,2018-01-17,2020-07-14,162,185,0.05,0.565,0.323
DRUG,2018-01-04,2020-07-15,156,185,0.034,0.566,0.492
FUEL,2017-12-18,2020-07-17,164,184,-0.156,0.644,0.294
HALF,2018-01-11,2020-07-15,157,183,-0.293,0.665,0.415
WSJ,2018-03-26,2020-07-18,164,183,-0.18,0.437,0.352
MY,2017-12-18,2020-07-12,157,182,-0.117,0.326,0.176
DROPS,2017-12-22,2020-07-17,158,182,-0.731,0.401,0.203
TELLS,2018-01-05,2020-07-17,159,179,-0.125,0.424,0.246
SEE,2017-12-17,2020-07-15,153,179,-0.14,0.608,0.31
STEP,2018-01-05,2020-07-18,148,179,-0.048,0.469,0.35
WIN,2017-12-17,2020-07-14,156,179,0.215,0.588,0.43
ECB,2018-02-08,2020-07-16,100,178,-0.151,0.506,0.499
TRIAL,2018-01-23,2020-07-17,153,177,-0.258,0.487,0.344
LABOR,2017-12-17,2020-07-02,156,177,-0.284,0.672,0.41
SACHS,2017-12-30,2020-07-15,151,176,-0.199,0.549,0.326
LOOK,2018-01-04,2020-07-17,157,175,-0.075,0.46,0.202
SHOWS,2017-12-18,2020-07-16,150,174,-0.151,0.645,0.507
MAKES,2018-01-06,2020-07-10,155,174,-0.059,0.437,0.289
WELLS,2018-02-02,2020-07-14,150,174,-0.269,0.535,0.32
PUT,2018-01-04,2020-07-15,151,173,-0.294,0.507,0.448
RIGHT,2017-12-20,2020-07-05,151,173,0.056,0.396,0.277
CRUDE,2018-02-10,2020-07-15,141,172,-0.174,0.739,0.524
LOANS,2018-02-04,2020-07-17,126,172,-0.136,0.579,0.431
JOHN,2018-01-10,2020-07-14,146,172,-0.207,0.441,0.373
BILL,2017-12-18,2020-07-16,151,172,-0.137,0.584,0.349
LEGAL,2017-12-20,2020-07-15,152,172,-0.436,0.523,0.509
DRIVE,2018-01-18,2020-07-16,153,172,0.054,0.647,0.537
FRAUD,2018-01-18,2020-07-12,151,171,-0.494,0.42,0.291
SEEN,2018-01-19,2020-07-16,153,171,-0.163,0.691,0.533
MODEL,2017-12-17,2020-07-13,138,171,0.019,0.612,0.376
TEST,2018-01-09,2020-07-16,143,171,-0.154,0.579,0.397
EYES,2018-01-16,2020-07-10,151,171,0.079,0.5,0.468
READY,2018-01-03,2020-07-10,155,170,0.115,0.452,0.44
FARGO,2018-02-02,2020-07-14,147,170,-0.283,0.533,0.306
NEEDS,2017-12-18,2020-07-12,156,170,0.06,0.403,0.166
MPS,2017-12-22,2020-06-29,138,168,-0.494,0.442,0.297
COP,2018-02-14,2020-07-16,142,168,-0.034,0.645,0.625
LEAVE,2017-12-25,2020-07-06,148,167,-0.478,0.43,0.25
KOREA,2017-12-28,2020-06-26,131,166,-0.276,0.598,0.458
AIMS,2017-12-19,2020-07-10,145,165,0.325,0.492,0.231
JETS,2018-04-04,2020-07-07,128,165,-0.032,0.666,0.536
WAY,2018-01-18,2020-07-17,148,164,0.057,0.454,0.364
GOODS,2018-01-16,2020-07-10,137,164,-0.162,0.6,0.322
SIGNS,2017-12-22,2020-07-15,141,164,0.281,0.654,0.422
ENDS,2017-12-21,2020-07-17,150,164,-0.344,0.621,0.32
DOES,2018-01-03,2020-07-15,147,164,-0.132,0.336,0.156
EARLY,2017-12-22,2020-07-17,139,163,-0.137,0.544,0.248
BLACK,2018-01-08,2020-07-17,113,163,-0.216,0.495,0.373
MARCH,2017-12-25,2020-07-09,124,163,-0.294,0.607,0.529
NAFTA,2018-03-30,2020-07-01,85,162,0.126,0.473,0.352
UNTIL,2017-12-27,2020-07-15,139,161,-0.308,0.378,0.374
BEAT,2017-12-30,2020-07-13,123,160,0.285,0.635,0.651
SKY,2018-01-23,2020-07-14,124,160,0.006,0.407,0.271
DELAY,2018-02-06,2020-07-17,130,160,-0.603,0.455,0.362
SIX,2017-12-22,2020-07-10,142,160,-0.249,0.699,0.316
AD,2018-01-10,2020-07-18,130,159,-0.181,0.597,0.493
SLIDE,2018-01-10,2020-07-09,142,159,-0.826,0.372,0.237
WORST,2017-12-19,2020-07-18,132,159,-0.699,0.482,0.278
POSTS,2018-02-01,2020-07-16,129,159,-0.225,0.805,0.576
ASIA,2018-02-05,2020-07-06,140,158,0.016,0.652,0.492
PART,2018-02-05,2020-07-15,138,158,-0.259,0.479,0.272
TERM,2018-01-04,2020-06-19,135,157,-0.143,0.542,0.389
SOON,2018-01-23,2020-07-16,139,156,0.009,0.451,0.279
EURO,2018-03-21,2020-07-17,130,156,-0.18,0.653,0.577
EVEN,2017-12-25,2020-07-17,141,156,-0.002,0.571,0.428
WANT,2017-12-25,2020-07-14,135,155,-0.062,0.297,0.252
LEAD,2017-12-17,2020-07-17,137,154,-0.089,0.497,0.38
RUN,2018-01-05,2020-07-16,137,154,-0.083,0.556,0.32
TV,2017-12-25,2020-07-06,124,154,-0.168,0.504,0.291
SQ,2018-01-04,2020-07-09,142,153,-0.326,0.591,0.424
LAW,2018-01-10,2020-07-15,131,152,-0.32,0.492,0.278
STEPS,2018-01-30,2020-07-14,135,152,-0.187,0.539,0.47
FINDS,2017-12-18,2020-07-16,138,151,-0.378,0.554,0.384
MCD,2017-12-31,2020-07-02,132,151,-0.276,0.527,0.483
WORTH,2017-12-28,2020-07-13,138,151,0.047,0.408,0.283
NEAR,2017-12-18,2020-07-09,129,150,-0.224,0.668,0.502
FULL,2018-02-01,2020-07-13,135,150,-0.022,0.551,0.447
WOMEN,2018-01-14,2020-07-03,126,148,-0.196,0.459,0.399
APRIL,2018-02-08,2020-07-14,108,148,-0.263,0.625,0.296
TURN,2018-01-18,2020-07-16,132,148,-0.177,0.493,0.352
ROW,2018-01-06,2020-07-11,132,147,-0.441,0.623,0.38
BMW,2018-03-20,2020-07-01,118,146,-0.131,0.59,0.379
WTO,2018-03-06,2020-06-30,113,146,-0.275,0.55,0.373
PM,2017-12-19,2020-07-10,123,145,-0.104,0.53,0.368
LIFE,2018-01-15,2020-07-18,133,144,-0.091,0.377,0.162
VALUE,2017-12-25,2020-07-14,129,144,-0.108,0.675,0.673
WATCH,2017-12-21,2020-07-15,84,144,-0.235,0.384,0.382
J,2017-12-25,2020-07-16,118,143,-0.281,0.612,0.371
GIVE,2017-12-22,2020-07-17,132,143,0.001,0.453,0.325
STUDY,2017-12-20,2020-07-17,130,143,-0.235,0.549,0.635
FINE,2018-01-21,2020-07-16,123,143,-0.646,0.427,0.424
ASKS,2018-01-17,2020-07-17,122,142,-0.204,0.482,0.41
ROLE,2018-01-05,2020-07-16,127,142,-0.134,0.402,0.198
ADDS,2018-01-04,2020-07-10,123,141,-0.065,0.608,0.395
FIRE,2017-12-21,2020-07-17,131,141,-0.536,0.477,0.26
LINE,2018-01-09,2020-07-18,117,140,-0.044,0.586,0.479
SETS,2018-01-30,2020-07-17,122,140,0.026,0.373,0.203
BRAND,2018-01-06,2020-07-15,118,138,0.029,0.5,0.328
BAYER,2018-03-21,2020-07-14,113,138,-0.067,0.574,0.397
COIN,2017-12-18,2020-07-16,113,138,-0.198,0.6,0.581
LOOMS,2017-12-28,2020-07-17,124,138,-0.413,0.527,0.478
STAY,2018-01-30,2020-07-16,124,137,-0.193,0.496,0.353
LOSE,2017-12-17,2020-07-09,118,137,-0.789,0.311,0.177
DAYS,2017-12-18,2020-07-07,118,136,-0.245,0.531,0.415
GAME,2018-01-03,2020-07-15,124,136,0.013,0.383,0.169
CHAIN,2017-12-20,2020-07-17,125,136,-0.406,0.531,0.463
LESS,2017-12-20,2020-07-16,124,135,-0.322,0.52,0.429
PAID,2017-12-28,2020-07-17,126,135,-0.211,0.528,0.325
BUYS,2018-01-06,2020-07-16,115,133,0.039,0.4,0.198
FOX,2018-01-17,2020-07-08,103,133,-0.026,0.371,0.346
CLOUD,2018-01-22,2020-07-01,115,133,0.008,0.584,0.54
GIVES,2018-01-04,2020-07-13,120,133,0.133,0.54,0.282
TESCO,2017-12-19,2020-06-27,96,132,-0.203,0.536,0.324
CHIP,2018-03-12,2020-07-15,113,132,-0.128,0.603,0.572
SAVE,2017-12-21,2020-07-16,119,132,-0.027,0.441,0.188
LOSES,2017-12-25,2020-07-18,112,132,-0.829,0.219,0.056
SAID,2018-02-09,2020-05-12,114,131,-0.022,0.185,0.099
POUND,2017-12-18,2020-06-20,103,131,-0.217,0.747,0.321
GOING,2017-12-17,2020-07-17,121,131,-0.057,0.572,0.295
MUCH,2018-01-03,2020-07-15,124,130,-0.111,0.556,0.361
MOVES,2018-01-18,2020-06-26,118,130,-0.065,0.558,0.43
FILES,2018-02-14,2020-07-14,105,130,-0.652,0.405,0.135
FEAR,2018-01-12,2020-07-18,116,129,-0.568,0.438,0.325
GAIN,2018-01-11,2020-07-15,124,129,0.31,0.714,0.204
WAGE,2017-12-27,2020-07-01,107,128,-0.277,0.637,0.499
HSBC,2018-01-02,2020-07-17,110,128,-0.32,0.582,0.3
DOW,2018-01-02,2020-07-09,106,128,-0.283,0.679,0.268
JULY,2018-05-25,2020-07-16,93,127,-0.15,0.58,0.4
RACE,2018-01-03,2020-07-16,117,127,0.026,0.533,0.267
BEING,2018-01-15,2020-07-17,120,126,-0.346,0.483,0.317
MEAT,2018-01-26,2020-07-15,108,126,-0.153,0.511,0.487
BASED,2018-01-08,2020-07-16,111,125,-0.069,0.512,0.271
FRESH,2018-01-05,2020-07-17,113,124,-0.266,0.679,0.617
AVOID,2018-01-17,2020-07-17,111,124,-0.197,0.537,0.425
TOLD,2018-01-17,2020-07-18,111,124,-0.299,0.458,0.489
ZTE,2018-04-16,2020-06-30,81,123,-0.22,0.533,0.496
SIGN,2018-02-08,2020-07-16,111,123,0.15,0.612,0.338
FCA,2018-01-03,2020-07-06,87,122,-0.159,0.501,0.395
HEDGE,2017-12-20,2020-07-14,114,122,-0.135,0.542,0.148
LOOKS,2018-02-06,2020-07-16,109,121,0.075,0.556,0.412
TIMES,2017-12-30,2020-07-15,112,121,-0.147,0.484,0.227
MAD,2018-03-28,2020-04-27,106,120,-0.019,0.117,0.041
EASE,2018-03-22,2020-07-15,109,120,0.187,0.651,0.37
BACKS,2017-12-31,2020-07-15,107,120,-0.204,0.512,0.267
CASES,2018-03-09,2020-07-16,78,120,-0.351,0.576,0.641
AWAY,2018-01-04,2020-07-17,110,119,-0.329,0.457,0.508
EXIT,2018-01-03,2020-07-13,105,119,-0.286,0.477,0.275
SUES,2018-01-24,2020-07-14,101,119,-0.878,0.146,0.077
FAA,2018-09-05,2020-07-01,88,118,-0.09,0.464,0.277
HIGHS,2017-12-19,2020-07-07,100,118,0.191,0.679,0.505
ISSUE,2018-01-19,2020-07-16,110,117,-0.262,0.527,0.364
WARN,2018-01-18,2020-07-17,106,117,-0.715,0.367,0.322
BP,2018-01-02,2020-07-04,92,117,-0.181,0.533,0.401
UBS,2018-01-23,2020-07-17,98,116,-0.209,0.557,0.301
LAND,2017-12-21,2020-07-08,91,116,-0.297,0.571,0.263
PUTS,2018-01-15,2020-07-17,110,116,-0.413,0.498,0.382
EXXON,2018-03-20,2020-07-16,99,116,-0.226,0.594,0.268
SHUT,2018-01-06,2020-07-16,102,116,-0.758,0.356,0.129
TOPS,2018-01-16,2020-05-17,97,115,0.58,0.518,0.345
BEEN,2017-12-17,2020-07-16,107,115,-0.229,0.562,0.388
ROLLS,2018-04-12,2020-07-16,93,115,-0.113,0.618,0.354
RIVAL,2017-12-22,2020-07-17,104,115,-0.006,0.589,0.116
GOES,2017-12-27,2020-07-14,109,115,-0.185,0.541,0.625
COAL,2017-12-18,2020-06-09,103,115,-0.303,0.598,0.392
POLL,2018-03-12,2020-07-18,101,114,-0.199,0.537,0.333
ELON,2018-01-23,2020-07-15,95,114,-0.123,0.459,0.239
GIANT,2017-12-25,2020-07-10,104,114,-0.115,0.511,0.389
BETS,2018-02-09,2020-07-16,105,114,0.029,0.557,0.595
WEIGH,2018-03-15,2020-07-17,103,113,-0.504,0.584,0.347
REAL,2017-12-27,2020-07-16,106,113,-0.122,0.405,0.226
LEVEL,2017-12-22,2020-07-15,105,113,-0.284,0.676,0.68
EVER,2017-12-30,2020-07-18,105,113,-0.099,0.565,0.168
POINT,2017-12-21,2020-06-29,102,113,-0.165,0.578,0.263
REACH,2018-01-22,2020-07-16,98,113,0.172,0.632,0.537
HALT,2018-03-22,2020-07-17,92,112,-0.689,0.411,0.104
BORIS,2018-01-19,2020-07-17,90,112,-0.116,0.42,0.347
THESE,2018-01-10,2020-06-15,104,111,0.038,0.369,0.428
ST,2018-01-02,2020-07-18,103,111,-0.177,0.727,0.534
GAP,2018-01-19,2020-07-12,92,111,-0.302,0.643,0.397
AGREE,2018-04-19,2020-07-17,96,111,0.184,0.55,0.523
HIRES,2018-02-16,2020-07-06,101,111,0.019,0.244,0.128
LIST,2017-12-19,2020-07-14,103,111,-0.146,0.439,0.239
LEWIS,2018-01-26,2020-07-10,95,111,-0.202,0.444,0.352
LET,2017-12-22,2020-07-17,101,111,-0.067,0.33,0.101
LYFT,2018-03-27,2020-07-17,86,110,-0.182,0.515,0.544
JOIN,2018-01-30,2020-07-03,102,110,0.005,0.422,0.203
SHIFT,2018-01-12,2020-07-16,99,110,-0.028,0.553,0.3
TALK,2018-02-06,2020-07-02,104,110,-0.116,0.504,0.549
ANTI,2017-12-28,2020-06-12,96,109,-0.286,0.505,0.447
TIES,2018-02-14,2020-07-15,101,109,-0.125,0.691,0.801
SOAR,2018-01-04,2020-07-15,101,108,0.144,0.764,0.41
HIKES,2018-01-09,2020-06-19,86,108,-0.034,0.645,0.684
LEFT,2018-01-28,2020-07-17,105,108,-0.373,0.521,0.049
BOOM,2017-12-28,2020-07-16,104,108,0.107,0.604,0.337
FIX,2018-01-30,2020-07-15,96,107,-0.15,0.475,0.281
EUROS,2018-04-13,2020-07-08,97,107,-0.037,0.545,0.32
GREAT,2018-01-14,2020-07-05,101,107,0.08,0.517,0.466
WOES,2018-01-10,2020-07-10,97,106,-0.421,0.641,0.342
BREAK,2018-01-05,2020-07-05,97,105,-0.207,0.474,0.243
HIKE,2018-01-02,2020-06-29,84,104,-0.037,0.622,0.436
FINES,2017-12-18,2020-06-18,99,104,-0.807,0.37,0.047
APP,2018-03-07,2020-07-18,91,104,-0.163,0.473,0.595
SELLS,2017-12-17,2020-07-13,95,103,-0.022,0.303,0.176
USERS,2017-12-22,2020-07-14,94,103,-0.161,0.628,0.423
SLOWS,2017-12-22,2020-06-30,93,103,-0.869,0.29,0.015
TESTS,2017-12-28,2020-07-17,83,102,-0.152,0.513,0.466
ROAD,2018-01-24,2020-07-17,89,102,-0.096,0.533,0.449
PICKS,2018-01-02,2020-06-30,97,102,0.134,0.456,0.119
BLOCK,2017-12-19,2020-07-14,94,102,-0.438,0.503,0.351
SHOPS,2017-12-25,2020-07-15,92,101,-0.375,0.521,0.517
COME,2017-12-19,2020-06-19,96,101,-0.07,0.541,0.207
CHAIR,2018-01-28,2020-07-01,93,101,-0.23,0.427,0.217
HURT,2018-04-05,2020-07-07,91,101,-0.811,0.331,0.272
RIDE,2018-02-10,2020-07-16,94,101,-0.087,0.571,0.226
FORCE,2017-12-18,2020-07-13,91,101,-0.282,0.522,0.513
RULE,2017-12-18,2020-07-13,89,101,-0.165,0.385,0.186
URGE,2018-01-10,2020-07-09,94,101,-0.14,0.545,0.473
PLAY,2018-01-26,2020-05-14,90,100,-0.023,0.328,0.228
LOST,2017-12-30,2020-07-16,88,99,-0.492,0.507,0.361
XI,2018-03-04,2020-05-15,67,99,0.115,0.478,0.309
KEEPS,2018-03-25,2020-07-13,90,98,-0.212,0.565,0.399
NHS,2017-12-20,2020-06-18,82,98,-0.225,0.428,0.407
OPENS,2018-01-22,2020-07-17,93,98,0.05,0.534,0.266
SWISS,2018-03-20,2020-07-15,86,97,-0.247,0.55,0.493
PANEL,2018-01-17,2020-07-10,85,97,-0.112,0.408,0.243
HAD,2018-01-14,2020-07-02,87,97,-0.089,0.455,0.415
VOWS,2018-01-16,2020-07-16,87,97,-0.071,0.617,0.365
RBS,2018-01-17,2020-05-21,78,97,-0.325,0.519,0.456
GROW,2017-12-18,2020-07-08,89,96,-0.068,0.816,0.407
GOLD,2017-12-27,2020-07-17,88,96,-0.057,0.58,0.317
LATE,2018-02-01,2020-07-17,85,95,-0.279,0.597,0.302
LIFT,2018-01-15,2020-07-16,79,95,0.28,0.665,0.453
JOINS,2018-02-06,2020-07-01,90,95,-0.022,0.47,0.291
MARK,2018-01-12,2020-07-15,85,95,-0.195,0.508,0.263
BET,2018-01-11,2020-07-06,85,95,-0.01,0.473,0.335
DUTCH,2017-12-18,2020-07-10,76,94,-0.138,0.538,0.43
FTSE,2017-12-22,2020-07-14,83,94,-0.336,0.7,0.281
PULLS,2018-03-23,2020-07-01,80,94,-0.531,0.49,0.181
VIDEO,2018-01-10,2020-07-15,88,94,-0.227,0.451,0.337
WRONG,2017-12-20,2020-07-16,88,94,-0.38,0.406,0.336
MUSIC,2017-12-19,2020-07-10,82,93,-0.112,0.503,0.273
NIKE,2018-03-22,2020-06-26,78,93,-0.233,0.633,0.32
HUGE,2017-12-22,2020-06-11,86,92,-0.202,0.608,0.643
FAILS,2018-01-25,2020-07-14,82,91,-0.64,0.396,0.336
DELTA,2018-04-04,2020-07-17,79,91,-0.116,0.67,0.557
PAST,2017-12-25,2020-07-17,88,91,-0.011,0.62,0.735
SEVEN,2017-12-25,2020-07-09,83,91,-0.368,0.609,0.599
MAN,2017-12-30,2020-07-09,87,91,-0.161,0.389,0.51
ASDA,2018-01-18,2020-07-18,66,90,-0.41,0.494,0.336
LED,2018-01-08,2020-07-14,80,90,-0.159,0.656,0.408
NON,2018-03-25,2020-07-18,81,90,-0.139,0.525,0.39
ROYAL,2018-01-03,2020-07-16,82,90,-0.392,0.57,0.388
CAP,2017-12-19,2020-07-02,82,89,-0.186,0.671,0.377
KNOW,2018-01-10,2020-07-15,79,89,-0.051,0.199,0.195
CARD,2018-01-09,2020-07-06,84,89,-0.17,0.593,0.522
CLAIM,2018-01-10,2020-07-17,84,89,-0.42,0.477,0.421
THEM,2018-01-09,2020-07-04,86,89,-0.213,0.399,0.227
DEATH,2018-01-08,2020-07-18,82,89,-0.342,0.386,0.293
ADS,2018-02-12,2020-07-17,74,88,-0.332,0.441,0.398
SLIPS,2018-01-03,2020-07-13,80,88,-0.797,0.359,0.188
LOCAL,2018-01-15,2020-07-15,80,88,-0.042,0.58,0.415
TURNS,2017-12-25,2020-07-13,84,88,-0.121,0.47,0.404
QATAR,2018-02-12,2020-06-14,67,88,-0.108,0.596,0.464
WATER,2018-01-19,2020-07-05,73,87,-0.362,0.491,0.44
MEAN,2018-01-10,2020-07-18,80,87,-0.23,0.415,0.329
BLOW,2017-12-30,2020-07-15,80,87,-0.47,0.607,0.41
WELL,2018-02-02,2020-06-30,81,87,0.297,0.631,0.239
SLIP,2018-02-19,2020-07-07,82,87,-0.827,0.386,0.116
ASTON,2018-05-21,2020-07-09,61,87,-0.151,0.567,0.224
ISN,2017-12-18,2020-07-10,79,87,-0.14,0.331,0.079
PARTS,2017-12-20,2020-07-09,78,87,-0.166,0.57,0.645
MANY,2017-12-18,2020-07-16,81,87,-0.282,0.483,0.581
SOLD,2018-01-10,2020-07-08,81,86,-0.094,0.392,0.0
WPP,2018-03-01,2020-04-29,54,86,-0.218,0.468,0.353
FAR,2018-01-31,2020-07-17,80,86,-0.198,0.537,0.346
TOUGH,2017-12-22,2020-07-15,82,86,-0.4,0.616,0.348
WASTE,2017-12-17,2020-07-17,81,86,-0.185,0.446,0.338
PAPER,2018-02-06,2020-07-13,77,86,-0.124,0.465,0.436
DID,2018-02-05,2020-07-17,81,86,-0.097,0.275,0.181
FILM,2018-01-26,2020-07-15,78,86,-0.119,0.448,0.201
DIP,2018-02-06,2020-06-04,78,86,-0.63,0.571,0.177
FINAL,2018-01-10,2020-07-16,79,86,-0.019,0.485,0.116
BRING,2017-12-18,2020-07-16,80,85,0.004,0.564,0.23
BANS,2017-12-20,2020-07-17,67,85,-0.623,0.339,0.089
ASK,2018-03-24,2020-07-18,77,85,-0.051,0.388,0.358
CURBS,2017-12-18,2020-07-15,74,85,-0.26,0.709,0.242
EYE,2018-01-04,2020-07-15,81,84,-0.132,0.526,0.027
DAVOS,2018-01-10,2020-01-30,34,84,-0.122,0.234,0.229
LEAST,2018-02-03,2020-07-18,78,84,-0.134,0.516,0.339
CHAOS,2017-12-18,2020-06-22,76,84,-0.573,0.494,0.299
LIFTS,2018-01-22,2020-07-15,77,84,0.354,0.709,0.137
PAYS,2018-01-19,2020-07-02,81,84,-0.047,0.484,0.235
TRACK,2018-01-09,2020-07-07,80,83,0.185,0.568,0.325
PHONE,2017-12-25,2020-06-03,78,83,-0.171,0.581,0.14
TIE,2018-02-10,2020-07-14,71,83,0.071,0.514,0.327
INTEL,2018-01-06,2020-07-08,77,83,-0.036,0.609,0.451
BONDS,2018-02-05,2020-07-13,71,82,-0.291,0.649,0.321
HOMES,2017-12-20,2020-06-30,72,82,-0.244,0.521,0.392
META,2018-01-16,2020-07-12,66,82,-0.279,0.54,0.303
BODY,2017-12-21,2020-07-16,79,82,-0.278,0.512,0.6
SHELL,2017-12-22,2020-06-30,72,82,-0.191,0.547,0.439
BRIEF,2018-01-03,2020-06-17,77,82,-0.059,0.206,0.094
THINK,2018-01-22,2020-07-17,77,82,-0.09,0.411,0.231
STAR,2018-01-03,2020-07-15,74,81,-0.079,0.467,0.453
KING,2018-01-15,2020-07-10,75,81,-0.078,0.494,0.662
NEARS,2018-01-25,2020-07-16,76,81,-0.045,0.516,0.522
MASKS,2018-06-01,2020-07-16,59,81,-0.111,0.387,0.2
EDGE,2017-12-27,2020-07-13,76,81,-0.044,0.74,0.279
FEES,2018-01-05,2020-06-17,76,81,-0.236,0.61,0.296
JUMPS,2018-01-05,2020-07-10,75,80,0.173,0.666,0.555
ACT,2018-01-23,2020-07-15,72,80,-0.062,0.468,0.38
WARS,2018-01-03,2020-05-21,73,80,-0.285,0.497,0.292
PAIN,2018-01-30,2020-07-15,75,80,-0.402,0.581,0.4
EAST,2017-12-19,2020-04-02,73,80,-0.243,0.581,0.213
SITE,2017-12-17,2020-07-17,73,80,-0.296,0.486,0.355
URGED,2017-12-18,2020-07-13,77,80,-0.255,0.445,0.008
NEVER,2017-12-22,2020-07-17,75,80,-0.02,0.336,0.051
FOODS,2017-12-30,2020-07-16,72,80,-0.158,0.586,0.476
QUITS,2018-02-14,2020-07-16,70,79,-0.708,0.306,0.138
RED,2018-02-06,2020-07-14,70,79,-0.228,0.626,0.488
CARE,2018-01-03,2020-07-08,73,79,-0.157,0.58,0.46
ADD,2018-02-19,2020-07-13,77,79,0.082,0.557,0.008
NAME,2017-12-17,2020-07-16,76,79,-0.137,0.373,0.202
WEEKS,2018-01-17,2020-07-13,69,78,-0.232,0.545,0.539
SOLAR,2017-12-17,2020-07-09,70,78,-0.09,0.598,0.384
USING,2018-01-10,2020-07-16,77,78,-0.23,0.458,0.0
BONUS,2017-12-31,2020-07-15,72,78,-0.293,0.658,0.507
D,2018-02-01,2020-07-01,72,78,-0.094,0.601,0.564
JOINT,2018-03-21,2020-07-16,69,78,0.081,0.452,0.272
TEAM,2018-02-16,2020-07-16,71,78,0.08,0.452,0.207
SPEND,2017-12-17,2020-07-16,73,78,0.077,0.554,0.239
ROYCE,2018-04-12,2020-07-09,63,78,-0.187,0.708,0.227
AUDI,2018-04-02,2020-07-15,55,78,-0.167,0.555,0.381
PSA,2018-04-16,2020-07-03,57,77,-0.191,0.569,0.379
SUNAK,2020-02-14,2020-07-18,44,77,-0.042,0.459,0.433
READ,2017-12-21,2020-07-14,72,77,-0.044,0.241,0.365
HOPE,2017-12-18,2020-07-17,74,77,0.197,0.589,0.4
OXY,2018-02-01,2020-06-15,72,77,-0.255,0.504,0.45
COM,2018-04-11,2020-07-10,66,76,-0.122,0.539,0.359
FINED,2018-01-10,2020-07-12,73,76,-0.902,0.184,0.007
FAIL,2017-12-20,2020-07-08,72,76,-0.548,0.463,0.508
PLANE,2018-01-17,2020-06-12,65,75,-0.295,0.561,0.399
MOTOR,2018-01-08,2020-07-15,66,75,-0.094,0.613,0.377
TRUST,2018-01-17,2020-06-16,69,75,-0.125,0.524,0.498
BOX,2018-01-03,2020-06-30,68,75,0.088,0.599,0.189
R,2017-12-19,2020-06-22,64,75,-0.072,0.598,0.391
TAPS,2018-01-18,2020-07-13,69,75,0.018,0.392,0.214
ME,2018-01-05,2020-07-18,74,75,-0.129,0.302,0.0
CLASS,2018-01-03,2020-06-23,66,74,-0.503,0.468,0.295
SPACE,2017-12-17,2020-07-09,67,74,-0.107,0.531,0.288
CBS,2018-04-03,2020-05-18,61,74,-0.206,0.535,0.268
GROWS,2018-02-06,2020-07-15,71,74,-0.114,0.767,0.465
TORY,2017-12-30,2020-07-14,69,74,-0.303,0.52,0.243
DOESN,2018-01-14,2020-07-01,72,74,-0.118,0.362,0.612
IKEA,2017-12-18,2020-07-01,66,74,0.007,0.478,0.326
CITI,2018-03-22,2020-07-14,66,73,-0.211,0.609,0.313
ROVER,2018-01-23,2020-07-08,51,73,-0.389,0.605,0.214
WHICH,2017-12-22,2020-07-18,72,73,-0.234,0.388,0.597
HALTS,2018-04-08,2020-04-26,70,73,-0.824,0.302,0.053
ZERO,2017-12-27,2020-07-09,65,73,-0.164,0.619,0.453
WHILE,2018-01-02,2020-07-16,66,73,-0.234,0.515,0.393
NOC,2017-12-20,2020-06-23,66,73,-0.173,0.627,0.553
MISS,2018-01-22,2020-05-06,68,73,-0.625,0.466,0.265
TELL,2017-12-18,2020-06-24,71,73,-0.247,0.39,0.487
FUELS,2018-01-10,2020-07-15,71,73,-0.154,0.648,0.89
PHASE,2018-04-23,2020-07-08,53,72,0.148,0.53,0.299
WORRY,2018-02-26,2020-07-14,70,71,-0.441,0.534,0.891
HONDA,2018-04-04,2020-07-10,52,71,-0.315,0.627,0.413
ASIAN,2018-02-06,2020-07-15,65,71,-0.295,0.64,0.874
VE,2018-01-03,2020-07-16,68,71,-0.04,0.446,0.616
SAFE,2018-02-09,2020-07-15,68,71,-0.102,0.542,0.449
UAW,2018-05-24,2020-06-30,52,70,-0.275,0.489,0.444
YIELD,2018-04-16,2020-07-14,58,70,-0.178,0.594,0.374
CROWN,2017-12-30,2020-07-13,52,70,-0.114,0.517,0.18
EXTRA,2017-12-18,2020-07-09,66,70,-0.027,0.662,0.468
ASSET,2018-02-16,2020-07-01,64,70,-0.211,0.554,0.53
MEMO,2018-03-07,2020-07-17,64,70,-0.156,0.372,0.66
DEBUT,2018-03-23,2020-06-26,58,70,0.159,0.635,0.234
BT,2018-01-29,2020-07-14,54,70,-0.173,0.491,0.329
HAND,2017-12-25,2020-06-29,70,70,-0.118,0.502,
CNBC,2018-03-21,2020-07-14,63,70,-0.153,0.341,0.188
LOOM,2017-12-18,2020-07-16,65,70,-0.487,0.613,0.408
TOLL,2018-06-26,2020-07-14,62,69,-0.749,0.341,0.319
PARTY,2018-03-20,2020-06-25,61,69,-0.251,0.406,0.25
FT,2018-03-26,2020-07-07,65,69,-0.114,0.459,0.472
SINK,2017-12-28,2020-07-13,67,69,-0.673,0.532,0.07
MIKE,2018-05-03,2020-07-10,64,69,-0.301,0.404,0.264
SPLIT,2018-03-14,2020-07-06,64,68,-0.177,0.444,0.302
MAIL,2017-12-17,2020-07-10,64,68,-0.494,0.505,0.208
TEXAS,2018-04-06,2020-07-14,62,68,-0.193,0.546,0.381
FIND,2018-02-05,2020-06-28,65,68,-0.119,0.451,0.324
ERA,2018-01-30,2020-07-17,65,68,-0.164,0.503,0.186
HOURS,2017-12-27,2020-07-16,63,68,-0.289,0.623,0.558
SPEED,2017-12-20,2020-05-16,66,68,0.161,0.566,0.449
PILOT,2018-02-09,2020-07-17,62,67,-0.443,0.5,0.025
EASES,2017-12-18,2020-07-17,60,67,0.256,0.651,0.671
FLAGS,2018-04-10,2020-07-15,64,67,-0.16,0.695,0.456
PRESS,2017-12-17,2020-07-16,63,67,-0.143,0.435,0.379
WAGES,2017-12-17,2020-06-16,61,67,-0.243,0.681,0.62
NET,2018-01-11,2020-07-11,63,67,-0.103,0.682,0.499
SHAKE,2018-01-08,2020-07-16,63,67,-0.43,0.48,0.205
HOLDS,2017-12-21,2020-07-02,63,66,-0.073,0.542,0.442
PRE,2017-12-27,2020-07-17,61,66,-0.214,0.595,0.671
VOLVO,2018-04-19,2020-07-01,60,66,-0.131,0.595,0.372
BILLS,2018-01-10,2020-05-18,62,66,-0.258,0.679,0.316
WERE,2018-02-28,2020-07-17,62,66,-0.256,0.502,0.307
WAKE,2018-01-19,2020-07-17,61,66,-0.366,0.533,0.885
TOTAL,2018-02-23,2020-07-01,58,65,-0.137,0.613,0.531
CEOS,2018-05-08,2020-06-26,58,65,-0.129,0.408,0.366
SHALE,2018-03-25,2020-07-01,61,65,-0.015,0.602,0.417
KLM,2018-04-23,2020-06-25,49,65,-0.093,0.637,0.372
AUDIT,2018-01-18,2020-07-15,58,65,-0.357,0.461,0.361
USED,2018-02-14,2020-07-17,61,65,-0.045,0.41,0.248
COMES,2018-01-18,2020-07-15,63,65,-0.121,0.426,0.0
PACT,2018-04-14,2020-07-17,50,64,0.289,0.56,0.283
PICK,2017-12-22,2020-07-16,58,64,0.037,0.513,0.407
PLACE,2017-12-20,2020-07-13,61,64,0.007,0.47,0.546
TAXES,2018-01-03,2020-07-16,58,64,-0.034,0.5,0.297
COVER,2017-12-18,2020-07-10,62,64,-0.11,0.567,0.104
GOT,2018-01-03,2020-07-17,61,64,-0.145,0.42,0.408
EIGHT,2018-02-14,2020-07-18,60,64,-0.206,0.648,0.438
INDEX,2017-12-28,2020-06-30,61,64,-0.143,0.611,0.794
PARIS,2018-03-01,2020-07-08,58,63,-0.19,0.435,0.477
JD,2018-06-18,2020-07-14,54,63,-0.198,0.608,0.613
RUSH,2018-04-17,2020-07-17,60,63,0.03,0.492,0.713
FAIR,2018-01-23,2020-07-13,60,62,-0.209,0.495,0.295
SEARS,2018-04-04,2020-07-01,49,62,-0.187,0.425,0.294
FLY,2018-01-31,2020-06-30,57,62,-0.017,0.392,0.504
BEER,2018-01-14,2020-06-18,61,62,-0.167,0.594,0.684
SPAIN,2018-01-12,2020-07-08,53,62,-0.295,0.551,0.504
LIMIT,2018-03-22,2020-07-16,53,62,-0.177,0.518,0.186
STAND,2017-12-28,2020-07-12,57,61,-0.152,0.39,0.244
GIG,2018-02-06,2020-06-26,55,61,-0.32,0.49,0.343
MID,2018-02-22,2020-07-09,57,61,-0.058,0.559,0.532
SHOCK,2018-02-01,2020-06-12,57,61,-0.485,0.525,0.484
HIRE,2018-02-01,2020-07-09,56,61,0.001,0.49,0.47
MIXED,2018-04-03,2020-07-14,56,61,-0.5,0.552,0.418
DIES,2018-01-28,2020-07-06,53,61,-0.172,0.316,0.081
TOYS,2017-12-19,2020-07-12,53,61,-0.25,0.559,0.37
WORSE,2018-02-02,2020-07-15,55,60,-0.813,0.386,0.024
NAMED,2017-12-19,2020-07-18,50,60,-0.109,0.509,0.433
TERMS,2018-04-13,2020-07-17,56,60,-0.05,0.53,0.415
CURB,2018-03-20,2020-06-23,57,60,-0.157,0.599,0.135
BEZOS,2018-01-11,2020-06-15,49,60,-0.044,0.333,0.122
DRUGS,2017-12-20,2020-07-08,56,60,0.035,0.526,0.163
FEDEX,2018-03-21,2020-07-10,52,60,-0.199,0.638,0.622
LEADS,2018-01-03,2020-07-18,55,59,0.051,0.689,0.389
CHEAP,2018-01-05,2020-07-09,56,59,-0.116,0.486,0.168
CLIMB,2018-04-05,2020-07-14,57,59,0.022,0.753,1.24
STYLE,2017-12-18,2020-07-18,58,59,-0.185,0.409,1.322
SUE,2018-01-10,2020-07-16,56,59,-0.757,0.316,0.426
QUIT,2017-12-31,2020-07-03,55,59,-0.673,0.335,0.483
PULL,2018-01-16,2020-07-02,58,59,-0.522,0.456,0.619
SUPER,2018-01-08,2020-07-16,58,59,0.078,0.465,0.676
SUV,2018-03-21,2020-07-15,55,59,0.242,0.63,0.422
SNAP,2018-02-06,2020-07-16,54,58,-0.125,0.587,0.477
BULL,2018-01-06,2020-07-10,46,58,-0.015,0.471,0.259
LACK,2017-12-26,2020-06-17,54,58,-0.726,0.417,0.243
AGE,2017-12-17,2020-07-10,53,58,-0.077,0.334,0.0
TRUCK,2018-03-26,2020-06-10,55,58,-0.007,0.563,0.821
NINE,2018-01-10,2020-06-23,53,58,-0.221,0.583,0.638
MULLS,2018-03-26,2020-07-16,54,58,-0.378,0.422,0.224
SLASH,2018-01-25,2020-07-07,55,57,-0.75,0.464,0.001
VISA,2018-03-07,2020-07-15,54,57,-0.002,0.689,0.416
BEAR,2018-03-01,2020-06-02,44,57,-0.322,0.485,0.323
JACK,2018-02-10,2020-07-13,45,57,-0.011,0.396,0.209
TRAIN,2017-12-30,2020-05-12,54,57,-0.3,0.5,0.007
FLAT,2018-01-16,2020-07-17,55,57,-0.456,0.62,0.437
FAKE,2018-02-12,2020-07-05,56,57,-0.341,0.441,0.0
PAUSE,2018-04-12,2020-07-16,54,57,-0.378,0.5,0.246
PANIC,2018-04-07,2020-06-24,50,56,-0.276,0.429,0.317
IRISH,2018-03-09,2020-07-16,53,56,-0.437,0.523,0.068
STORM,2018-03-06,2020-07-16,53,56,-0.42,0.534,0.451
RENT,2017-12-25,2020-07-10,52,56,-0.403,0.491,0.524
LIBRA,2019-06-18,2020-04-16,43,56,-0.155,0.482,0.39
SHUTS,2017-12-17,2020-07-15,51,56,-0.895,0.112,0.167
MIGHT,2018-01-11,2020-07-09,53,56,-0.093,0.403,0.224
BEGIN,2017-12-25,2020-07-16,50,55,-0.14,0.48,0.484
HOTEL,2018-02-21,2020-07-07,53,55,-0.202,0.609,0.649
PASS,2018-04-17,2020-07-01,53,55,-0.004,0.472,0.752
NOKIA,2018-02-28,2020-07-14,45,55,-0.065,0.584,0.512
DAILY,2018-01-09,2020-07-08,52,55,-0.234,0.605,0.209
ICAHN,2018-04-09,2020-05-27,51,55,-0.115,0.42,0.114
LL,2017-12-22,2020-07-02,53,55,0.001,0.397,0.287
RANGE,2018-01-08,2020-05-14,52,55,0.176,0.624,0.15
TSB,2018-04-24,2019-12-31,32,55,-0.619,0.484,0.27
PER,2018-04-02,2020-07-09,52,55,-0.115,0.557,0.492
FOUND,2017-12-19,2020-07-13,54,55,-0.509,0.439,0.933
AIM,2018-04-26,2020-07-17,52,54,-0.129,0.464,0.62
FARM,2018-04-04,2020-07-14,51,54,-0.241,0.624,0.125
SINKS,2018-04-03,2020-06-30,51,54,-0.727,0.457,0.087
CREW,2017-12-19,2020-07-17,48,54,-0.677,0.391,0.34
WEST,2018-02-01,2020-07-10,53,54,-0.064,0.536,0.597
SPAT,2018-01-28,2020-06-26,49,54,-0.29,0.684,0.749
EAT,2018-01-10,2020-07-09,45,54,-0.115,0.367,0.176
IBM,2018-01-18,2020-06-08,48,53,-0.07,0.542,0.6
SLAMS,2018-01-19,2020-06-05,51,53,-0.593,0.438,0.099
SPY,2018-03-13,2020-06-18,47,53,-0.311,0.42,0.086
WAVE,2018-02-06,2020-07-07,44,53,-0.436,0.492,0.367
MEANS,2018-01-29,2020-05-22,52,53,-0.185,0.443,0.0
MEN,2018-01-05,2020-07-12,49,53,-0.258,0.519,0.271
TWEET,2018-01-06,2020-07-16,46,53,-0.263,0.49,0.292
BOOK,2018-01-11,2020-07-07,51,53,-0.072,0.516,0.656
N,2018-06-14,2020-06-25,46,53,-0.361,0.567,0.191
RARE,2018-03-28,2020-07-15,47,53,-0.114,0.591,0.286
GOAL,2018-01-26,2020-06-17,51,53,-0.015,0.681,0.014
SUED,2018-01-24,2020-07-10,50,52,-0.87,0.185,0.021
HIM,2017-12-18,2020-07-13,50,52,-0.305,0.411,0.27
BUYER,2018-01-08,2020-06-30,49,52,-0.025,0.489,0.719
BAKER,2018-03-23,2020-07-07,42,52,-0.421,0.449,0.317
GIVEN,2017-12-17,2020-06-01,51,52,0.102,0.572,0.612
BAIL,2018-11-06,2020-07-13,35,51,-0.236,0.452,0.364
CURVE,2018-04-16,2020-07-16,42,51,-0.095,0.57,0.444
MAIN,2018-01-21,2020-07-17,45,51,-0.081,0.509,0.268
USMCA,2018-10-01,2020-07-01,32,51,0.123,0.511,0.375
LAWS,2018-01-24,2020-07-10,50,51,-0.31,0.465,0.546
ARM,2018-01-16,2020-07-16,49,51,-0.129,0.563,0.577
STORY,2018-02-14,2020-07-13,51,51,-0.009,0.396,
TAP,2018-01-29,2020-07-15,50,51,0.136,0.502,0.356
TRY,2018-01-26,2020-07-09,49,51,-0.092,0.513,0.434
VEGAN,2018-01-08,2020-04-15,46,51,0.192,0.42,0.222
MOUNT,2018-03-25,2020-07-14,46,50,-0.661,0.551,0.162
PLAYS,2017-12-25,2020-05-20,48,50,-0.156,0.455,0.284
OWNED,2018-02-05,2020-07-13,50,50,-0.17,0.556,
FLEET,2018-03-23,2020-07-18,40,50,-0.063,0.663,0.519
WAIT,2018-01-10,2020-07-09,47,49,-0.108,0.417,0.0
FCC,2018-03-26,2020-06-30,44,49,-0.219,0.457,0.543
SMART,2018-01-06,2020-06-17,46,49,0.057,0.484,0.16
DONE,2018-02-08,2020-06-30,48,49,0.062,0.439,0.66
MACY,2018-02-27,2020-07-01,40,48,-0.266,0.65,0.336
AI,2018-01-21,2020-06-17,45,48,0.117,0.394,0.206
CBI,2017-12-18,2020-06-22,46,48,-0.499,0.621,0.576
HINTS,2018-02-27,2020-07-02,44,48,0.109,0.596,0.574
ROLL,2018-03-09,2020-06-28,47,48,0.059,0.538,1.197
PRIME,2017-12-18,2020-06-02,41,48,-0.108,0.537,0.534
BLAME,2017-12-30,2020-07-02,46,48,-0.417,0.434,0.34
DIPS,2018-01-21,2020-07-13,45,48,-0.902,0.148,0.018
TOKYO,2017-12-27,2020-07-03,41,48,-0.232,0.495,0.21
FILE,2018-02-26,2020-07-16,44,48,-0.518,0.459,0.507
LARGE,2018-04-18,2020-07-16,44,48,-0.155,0.62,0.628
KKR,2017-12-17,2020-07-06,44,48,-0.006,0.437,0.541
FATAL,2018-03-20,2020-03-08,43,48,-0.542,0.404,0.346
CUP,2018-01-05,2019-11-13,38,48,0.056,0.578,0.622
HP,2018-01-23,2020-05-27,41,48,-0.068,0.63,0.483
RISHI,2020-02-14,2020-07-16,32,48,-0.141,0.515,0.397
HQ,2018-03-15,2020-07-18,39,47,-0.172,0.545,0.414
WINE,2017-12-18,2020-07-16,41,47,-0.214,0.531,0.476
SEA,2017-12-30,2020-06-11,44,47,-0.183,0.553,0.221
PEAK,2018-01-10,2020-07-13,42,47,-0.171,0.722,0.69
SEAT,2018-04-11,2020-07-08,45,47,-0.247,0.479,0.41
SOARS,2018-02-23,2020-07-17,46,47,0.027,0.717,0.262
F,2018-03-20,2020-06-18,44,47,-0.047,0.557,0.149
LAY,2018-01-16,2020-07-09,46,47,-0.809,0.347,0.002
XEROX,2018-04-15,2020-04-21,37,47,-0.135,0.584,0.29
ASKED,2018-02-26,2020-06-19,46,47,-0.08,0.422,0.0
YUAN,2018-06-01,2020-07-06,39,46,-0.142,0.666,0.329
LOBBY,2017-12-27,2020-07-07,44,46,-0.169,0.466,0.051
LSE,2017-12-18,2020-07-17,30,46,0.154,0.472,0.139
ANGER,2018-01-17,2020-06-11,44,46,-0.705,0.408,0.313
DE,2017-12-18,2020-06-23,38,46,-0.27,0.512,0.164
MARKS,2017-12-20,2020-06-02,43,46,-0.363,0.515,0.743
CVS,2018-03-29,2020-07-16,41,46,-0.055,0.595,0.509
TIM,2017-12-28,2020-07-10,40,46,-0.03,0.432,0.388
BABY,2018-02-01,2020-07-08,39,46,-0.25,0.536,0.424
EDGES,2018-03-20,2020-06-30,44,46,0.287,0.8,0.015
EV,2018-03-27,2020-07-10,43,45,0.134,0.499,0.278
FEEL,2018-01-11,2020-07-05,43,45,-0.459,0.471,0.044
PIZZA,2018-01-10,2020-07-16,41,45,-0.156,0.611,0.581
ALLOW,2017-12-20,2020-07-10,44,45,0.082,0.364,0.0
PROXY,2018-02-01,2020-06-15,43,45,-0.238,0.419,0.493
SPOT,2018-01-03,2020-06-25,43,45,0.208,0.631,0.655
LINES,2018-01-23,2020-06-25,42,45,-0.245,0.568,0.771
LIVES,2017-12-19,2020-07-16,45,45,-0.218,0.445,
MINE,2017-12-18,2020-06-17,44,45,-0.278,0.51,0.68
STAGE,2018-01-23,2020-07-12,44,45,-0.062,0.506,0.0
MEETS,2018-03-21,2020-07-08,39,45,-0.062,0.42,0.229
BIDS,2018-02-20,2020-07-16,43,45,0.051,0.348,0.293
EBAY,2018-01-08,2020-07-16,44,45,-0.201,0.564,0.0
WIND,2018-01-22,2020-07-13,45,45,-0.164,0.559,
BITE,2018-02-19,2020-06-22,43,45,-0.416,0.616,0.022
JAMES,2018-01-30,2020-06-29,43,45,-0.122,0.352,0.0
DAVID,2017-12-17,2020-06-16,41,44,-0.213,0.397,0.183
HANDS,2018-02-19,2020-07-15,41,44,-0.013,0.381,0.0
VS,2018-04-06,2020-07-03,40,44,-0.33,0.563,0.187
COO,2018-04-05,2020-07-17,43,44,-0.106,0.393,0.484
COLA,2018-01-06,2020-06-27,38,44,-0.089,0.578,0.324
HUMAN,2018-04-03,2020-07-16,43,44,-0.444,0.398,0.63
METRO,2018-02-22,2020-05-06,40,44,-0.444,0.572,0.433
COCA,2018-01-06,2020-06-27,38,44,-0.089,0.578,0.324
APPS,2017-12-28,2020-07-15,43,44,-0.277,0.483,0.22
CLUB,2018-01-02,2020-07-07,43,44,-0.139,0.413,0.66
NEIL,2018-02-04,2020-04-06,31,44,-0.36,0.357,0.361
AXE,2018-01-23,2020-06-15,40,44,-0.699,0.429,0.227
VICE,2018-01-17,2020-02-26,41,44,-0.039,0.475,0.56
LVMH,2018-03-26,2020-06-30,39,44,-0.037,0.554,0.5
FEWER,2018-03-22,2020-06-03,43,44,-0.417,0.655,1.13
BRACE,2017-12-18,2020-07-15,44,44,-0.452,0.551,
GRAB,2018-03-25,2020-06-24,39,43,0.023,0.575,0.0
COAST,2017-12-27,2020-07-03,39,43,-0.113,0.583,0.193
PATH,2018-03-18,2020-06-22,43,43,0.177,0.585,
SIR,2018-01-15,2020-05-17,39,43,-0.201,0.347,0.288
HEADS,2017-12-22,2020-07-03,42,43,-0.206,0.555,0.0
PEP,2018-01-03,2020-07-13,39,43,-0.02,0.611,0.411
JUUL,2018-05-08,2020-05-06,37,43,-0.232,0.526,0.149
CAUSE,2018-02-16,2020-06-04,42,43,-0.647,0.401,0.676
ZONE,2018-02-12,2020-07-17,42,43,-0.277,0.631,1.201
ROOM,2017-12-25,2020-05-19,41,43,0.132,0.53,0.086
SEND,2018-03-20,2020-07-13,42,42,-0.251,0.552,
SENDS,2018-03-30,2020-06-04,40,42,-0.304,0.636,0.55
CABIN,2017-12-19,2020-07-17,38,42,-0.581,0.512,0.544
DIVE,2018-01-08,2020-05-08,41,42,-0.78,0.392,0.011
CORE,2018-03-23,2020-07-14,39,42,0.16,0.658,0.226
LOWS,2018-04-03,2020-07-16,40,42,-0.762,0.389,0.011
DOUBT,2018-01-17,2020-05-11,42,42,-0.523,0.496,
BITES,2018-05-03,2020-07-16,41,42,-0.786,0.341,0.679
HEAT,2018-02-23,2020-07-13,41,42,-0.168,0.569,0.682
TODAY,2018-01-17,2020-07-09,41,42,0.023,0.315,0.662
FIRES,2018-02-16,2020-04-14,39,42,-0.498,0.475,0.8
GAMES,2018-01-24,2020-07-15,39,41,-0.086,0.551,0.003
G,2018-01-05,2020-07-01,36,41,0.082,0.511,0.78
WAYS,2018-02-03,2020-07-16,41,41,0.104,0.392,
HELPS,2018-04-09,2020-07-10,40,41,0.49,0.525,0.191
SCRAP,2018-01-19,2020-07-01,39,41,-0.36,0.467,0.005
TREND,2017-12-17,2020-07-02,40,41,-0.104,0.715,0.662
JP,2018-01-12,2020-06-17,39,40,-0.202,0.636,0.011
OCADO,2018-01-11,2020-07-14,39,40,-0.024,0.633,0.0
SITES,2018-01-09,2020-07-13,39,40,-0.142,0.603,0.647
TED,2018-03-23,2020-07-16,31,40,-0.543,0.443,0.348
CYBER,2018-03-29,2020-07-17,33,40,-0.224,0.613,0.433
GLOOM,2018-02-16,2020-06-28,39,40,-0.164,0.791,0.007
JV,2018-03-28,2020-07-14,36,40,0.108,0.453,0.263
BRINK,2018-03-23,2020-06-24,36,40,-0.634,0.481,0.213
NY,2018-03-26,2020-07-16,38,40,-0.293,0.537,0.0
TOWN,2018-01-08,2020-07-05,39,40,-0.178,0.368,0.677
SHIRE,2018-03-28,2019-02-25,26,40,-0.026,0.499,0.385
L,2018-06-12,2020-07-02,36,40,-0.051,0.653,0.428
HUNT,2018-04-11,2020-06-23,37,40,-0.225,0.456,0.274
KRAFT,2018-03-08,2020-04-22,36,40,-0.2,0.542,0.104
H,2018-01-08,2020-06-29,38,39,-0.246,0.672,0.679
DRAG,2018-02-04,2020-07-10,39,39,-0.643,0.491,
STOPS,2018-04-11,2020-06-02,38,39,-0.682,0.395,0.591
DRAWS,2018-05-02,2020-06-30,39,39,-0.178,0.691,
TRUCE,2018-03-26,2020-03-09,25,39,-0.028,0.495,0.813
ROUT,2017-12-27,2020-06-12,36,39,-0.35,0.726,0.014
LOT,2018-01-14,2020-06-29,37,39,-0.079,0.532,0.314
OECD,2017-12-28,2020-07-13,32,39,-0.414,0.634,0.39
BUILT,2018-02-06,2020-07-12,36,39,-0.048,0.405,0.227
SON,2018-05-03,2020-05-18,36,39,-0.04,0.461,0.41
LOVE,2018-01-14,2020-05-27,37,38,0.08,0.37,0.0
CHIPS,2018-01-24,2020-06-22,36,38,-0.093,0.602,0.673
GOALS,2018-05-30,2020-07-09,37,38,-0.062,0.592,1.156
CHECK,2018-01-06,2020-07-13,35,38,-0.261,0.438,0.262
LNG,2018-06-07,2020-06-03,33,38,-0.12,0.479,0.854
VISIT,2017-12-27,2020-05-21,33,38,-0.021,0.419,0.245
DITCH,2018-01-14,2020-04-28,38,38,-0.262,0.568,
SCALE,2018-03-18,2020-06-10,37,38,-0.303,0.541,0.814
ADANI,2017-12-18,2020-05-19,36,38,-0.333,0.538,0.592
TOOK,2017-12-22,2020-07-10,37,38,-0.138,0.348,0.556
USTR,2018-04-04,2020-04-24,37,38,0.136,0.479,0.0
THING,2017-12-17,2020-07-06,36,38,-0.024,0.48,0.531
HNA,2018-04-05,2020-03-02,37,38,-0.08,0.431,0.122
RAMP,2018-03-26,2020-06-18,37,38,0.19,0.649,0.677
HAVEN,2018-04-12,2020-07-15,37,38,-0.11,0.535,0.0
SPIKE,2018-04-03,2020-07-06,36,37,-0.307,0.74,0.092
PAPA,2018-07-11,2020-02-24,33,37,-0.291,0.49,0.357
PORT,2018-01-09,2020-03-18,34,37,-0.461,0.609,0.262
TOUTS,2018-03-16,2020-07-02,35,37,-0.042,0.564,0.188
FLYBE,2018-10-18,2020-03-09,15,37,-0.352,0.439,0.376
HOUR,2018-01-16,2020-06-11,37,37,-0.15,0.488,
CHILE,2018-05-15,2020-05-25,32,37,-0.278,0.567,0.381
SPARK,2018-04-09,2020-06-22,37,37,-0.267,0.598,
HELD,2018-01-04,2020-06-27,36,37,-0.234,0.479,0.568
JURY,2018-05-25,2020-02-26,34,37,-0.477,0.526,0.348
HEINZ,2018-03-08,2020-04-22,34,37,-0.182,0.551,0.103
WOMAN,2018-02-21,2020-04-26,35,37,-0.243,0.465,0.462
KPMG,2018-01-08,2020-07-13,36,37,-0.573,0.491,0.663
CHASE,2018-04-09,2020-06-19,37,37,-0.172,0.54,
GONE,2018-01-06,2020-07-05,35,37,-0.301,0.434,0.316
GULF,2018-03-20,2020-06-08,31,37,-0.181,0.666,0.563
ZOOM,2018-10-17,2020-07-13,28,37,0.023,0.545,0.259
WHOLE,2017-12-30,2020-06-24,36,37,-0.344,0.426,0.658
DRAGS,2018-04-18,2020-06-30,36,37,-0.821,0.369,0.01
PUBS,2018-03-13,2020-07-18,33,36,-0.42,0.437,0.2
GSK,2018-01-06,2020-07-07,31,36,0.131,0.518,0.453
GEAR,2018-01-14,2020-06-27,36,36,-0.078,0.549,
EVENT,2017-12-22,2020-06-11,36,36,-0.297,0.491,
EXITS,2018-03-13,2020-07-06,35,36,-0.382,0.549,0.625
RUNS,2018-01-14,2020-05-05,34,36,-0.371,0.596,0.289
UNITS,2018-04-05,2020-06-10,35,36,-0.033,0.555,0.0
FTC,2018-03-27,2020-07-17,33,36,-0.307,0.423,0.535
TEAMS,2018-03-28,2020-07-17,36,36,0.29,0.472,
STALL,2018-01-15,2020-07-17,31,36,-0.414,0.514,0.272
DOING,2018-01-09,2020-06-29,36,36,0.046,0.584,
HER,2017-12-19,2020-06-20,36,36,-0.243,0.416,
FIFTH,2018-02-19,2020-07-17,35,36,-0.497,0.673,0.77
WARY,2018-03-29,2020-07-15,35,35,-0.222,0.545,
SUIT,2018-03-01,2020-07-14,34,35,-0.56,0.427,0.0
USER,2018-03-21,2020-07-16,35,35,-0.32,0.599,
DATE,2018-08-04,2020-07-10,33,35,-0.115,0.458,0.339
ROGUE,2018-02-20,2020-01-26,24,35,-0.34,0.479,0.405
FELL,2018-03-22,2020-07-14,35,35,-0.707,0.475,
ROLES,2018-01-23,2020-07-17,33,35,-0.159,0.446,0.306
NOTE,2018-02-16,2020-06-30,35,35,-0.157,0.609,
NYSE,2018-03-30,2020-06-26,32,35,-0.113,0.443,0.181
VOTES,2018-02-08,2020-07-14,35,35,-0.073,0.471,
SAVED,2017-12-22,2020-07-08,32,35,0.006,0.419,0.616
GKN,2018-01-12,2019-09-03,25,35,-0.391,0.511,0.357
BLUE,2018-02-03,2020-07-01,33,35,-0.036,0.517,0.656
ODDS,2018-02-14,2020-07-14,33,35,-0.257,0.598,0.219
GRANT,2018-10-16,2020-07-08,31,34,0.072,0.532,0.596
BEEF,2018-04-04,2020-07-15,33,34,0.096,0.606,0.673
KICK,2018-04-26,2020-05-21,31,34,-0.1,0.579,0.511
ITV,2018-02-28,2020-05-06,32,34,-0.071,0.524,0.32
SMITH,2017-12-30,2020-05-14,32,34,-0.311,0.547,0.292
TOOLS,2018-01-22,2020-07-15,34,34,-0.013,0.58,
TOXIC,2018-01-16,2020-07-16,34,34,-0.325,0.463,
VIA,2018-01-03,2020-06-24,33,34,-0.068,0.503,0.0
NOD,2018-03-28,2020-06-19,34,34,0.314,0.545,
FEE,2018-06-05,2020-06-16,34,34,-0.262,0.628,
SUVS,2018-03-22,2020-05-18,33,34,-0.29,0.642,0.0
EARTH,2018-04-22,2020-07-05,30,34,-0.025,0.463,0.317
PUTIN,2018-07-10,2020-07-07,22,34,-0.225,0.409,0.34
SOLID,2017-12-30,2020-07-07,30,34,0.593,0.544,0.506
GEELY,2018-03-21,2020-07-01,32,34,0.067,0.558,0.349
RIOT,2018-03-28,2020-06-05,34,34,-0.247,0.666,
FARES,2018-01-02,2020-06-03,32,33,-0.05,0.784,0.377
ASIDE,2018-02-27,2020-06-30,31,33,-0.172,0.393,0.466
PLUS,2018-04-04,2020-06-11,33,33,-0.055,0.475,
UN,2018-01-23,2020-07-10,32,33,-0.153,0.484,0.675
CARDS,2017-12-27,2020-05-30,33,33,-0.292,0.52,
TOWER,2017-12-21,2020-07-17,32,33,-0.128,0.455,0.013
BBC,2018-01-31,2020-07-15,31,33,-0.336,0.408,0.002
DRAW,2018-05-21,2020-07-15,32,33,0.144,0.672,0.014
WORKS,2018-03-02,2020-06-26,33,33,-0.025,0.359,
DUBAI,2018-01-21,2020-07-06,29,33,-0.249,0.511,0.599
LIRA,2018-05-15,2020-04-16,16,33,-0.347,0.588,0.518
BIKE,2017-12-25,2020-07-13,32,32,0.099,0.599,
LATAM,2018-04-05,2020-07-09,30,32,-0.242,0.619,0.617
ART,2018-02-12,2020-07-14,30,32,0.036,0.498,0.329
AB,2018-05-22,2020-06-16,31,32,-0.105,0.642,0.054
JEFF,2018-01-11,2020-05-31,30,32,-0.106,0.311,0.0
SPIN,2018-02-08,2020-07-14,31,32,-0.05,0.378,0.0
GUN,2018-02-14,2020-03-26,29,32,-0.227,0.529,0.212
DREAM,2018-01-09,2020-02-04,32,32,-0.061,0.324,
LATIN,2018-02-14,2020-07-07,30,32,-0.132,0.601,0.836
ENVOY,2018-01-14,2020-07-14,29,32,-0.144,0.391,0.52
DEAD,2018-03-25,2020-07-17,30,32,-0.155,0.554,0.183
JAMIE,2018-01-26,2020-04-02,27,32,-0.205,0.443,0.43
BRENT,2018-03-23,2020-05-21,29,32,-0.36,0.722,1.066
EVANS,2018-02-12,2020-07-16,20,32,0.053,0.557,0.269
MOVIE,2018-04-05,2020-07-07,31,32,-0.043,0.538,0.088
FANS,2018-05-11,2020-06-17,31,32,-0.14,0.522,0.647
EASY,2018-04-02,2020-03-05,30,32,-0.136,0.324,0.837
IATA,2018-05-31,2020-07-01,27,32,-0.366,0.659,0.165
AXP,2017-12-18,2020-07-17,31,32,-0.248,0.541,0.543
FISH,2018-03-02,2020-05-01,31,32,-0.137,0.457,0.0
AVERT,2018-04-03,2020-06-15,31,32,-0.022,0.586,0.103
SONY,2018-01-17,2020-06-29,30,32,-0.053,0.576,0.304
AUTOS,2018-04-03,2020-06-18,31,32,-0.15,0.641,0.0
CLASH,2018-03-28,2020-06-02,32,32,-0.454,0.559,
CITES,2018-03-23,2020-07-03,31,32,-0.115,0.695,1.118
DEPOT,2018-02-21,2020-05-19,26,32,-0.156,0.695,0.467
X,2017-12-28,2020-06-22,29,31,-0.041,0.601,0.404
TRUE,2017-12-20,2020-05-19,30,31,-0.053,0.27,0.494
FIELD,2018-01-21,2020-05-14,31,31,-0.148,0.619,
HUB,2018-02-21,2020-07-14,31,31,-0.03,0.708,
RUSAL,2018-04-09,2019-04-15,24,31,-0.271,0.49,0.373
BAG,2018-03-20,2020-07-10,29,31,-0.24,0.672,0.578
BHP,2018-04-04,2020-02-17,28,31,-0.248,0.604,0.144
JAVID,2017-12-21,2020-03-11,23,31,-0.252,0.433,0.242
LEASE,2018-03-21,2020-03-31,30,31,-0.017,0.613,0.036
HEART,2018-02-25,2020-07-05,29,31,-0.21,0.487,0.07
MASS,2018-03-22,2020-07-14,30,31,-0.382,0.582,0.382
ROCHE,2018-06-19,2020-07-08,30,31,-0.005,0.603,0.0
LION,2018-04-10,2020-07-07,26,31,-0.086,0.444,0.605
DUTY,2017-12-28,2020-07-15,27,31,-0.223,0.593,0.527
MERGE,2018-05-08,2020-06-04,31,31,-0.022,0.289,
TALC,2018-05-23,2020-06-09,27,30,-0.473,0.537,0.406
TOOL,2018-04-05,2020-07-16,26,30,-0.079,0.459,0.478
HOLE,2017-12-30,2020-06-11,29,30,-0.477,0.483,0.903
WIFE,2018-02-09,2020-03-13,24,30,-0.192,0.449,0.32
OLDER,2018-02-10,2020-07-07,30,30,-0.094,0.559,
WENT,2018-01-15,2020-06-22,30,30,0.063,0.512,
JUNK,2018-01-02,2020-06-20,30,30,-0.449,0.617,
IDEAS,2017-12-22,2020-05-25,28,30,-0.058,0.306,0.0
EVERY,2018-01-05,2020-05-19,29,30,-0.114,0.493,0.0
RIO,2018-04-09,2020-07-09,29,30,-0.169,0.552,0.112
MOBIL,2018-04-12,2020-05-27,27,30,0.085,0.621,0.072
COUNT,2018-04-26,2020-07-13,27,30,-0.27,0.555,0.234
TYSON,2018-07-30,2020-06-10,29,30,-0.204,0.694,0.665
ABUSE,2018-02-09,2020-04-20,29,30,-0.535,0.465,0.163
LATER,2018-03-13,2020-06-17,29,30,-0.077,0.402,0.0
VOICE,2018-02-01,2020-07-16,29,30,-0.227,0.514,0.0
TREE,2017-12-18,2020-05-28,28,30,-0.109,0.534,0.542
BUS,2018-05-11,2020-06-30,29,30,0.025,0.517,0.0
AGM,2018-04-03,2020-05-27,27,30,-0.474,0.42,0.415
HARM,2018-01-10,2020-06-18,30,30,-0.706,0.444,
MERCK,2018-04-09,2020-07-08,28,30,0.244,0.572,0.002
BENZ,2018-04-20,2020-07-01,27,29,0.125,0.708,0.842
LEAKS,2018-04-12,2020-07-07,22,29,-0.607,0.387,0.223
DOOR,2018-01-23,2020-07-16,29,29,0.034,0.489,
LEAK,2018-02-26,2020-04-01,25,29,-0.542,0.491,0.221
SHIP,2018-03-22,2020-06-12,29,29,-0.312,0.47,
BUST,2018-01-16,2020-06-25,28,29,-0.378,0.458,0.523
CHILD,2018-01-08,2020-06-04,28,29,-0.373,0.538,0.026
LABEL,2018-03-29,2020-06-26,27,29,-0.258,0.451,0.26
FEELS,2018-02-23,2020-05-22,28,29,-0.162,0.622,0.558
HAPPY,2018-01-25,2020-07-01,27,29,0.007,0.535,0.606
HALVE,2018-02-08,2020-07-16,28,29,-0.175,0.754,0.612
PDVSA,2018-05-05,2020-06-25,26,29,-0.132,0.499,0.508
EMPTY,2018-08-13,2020-07-18,27,29,-0.414,0.523,0.081
MINI,2018-06-12,2020-07-05,28,29,-0.167,0.522,0.653
ALARM,2018-02-21,2020-07-14,27,29,-0.665,0.357,0.263
WYNN,2018-01-12,2020-04-19,25,29,-0.32,0.505,0.292
TEN,2018-04-30,2020-04-29,27,29,-0.206,0.453,0.334
THOSE,2018-01-31,2020-07-07,28,29,-0.143,0.427,0.0
PACE,2018-02-09,2020-07-10,28,29,-0.275,0.681,0.031
RISKY,2018-02-26,2020-05-17,29,29,-0.14,0.472,
POP,2017-12-18,2020-06-03,27,28,0.048,0.512,0.0
SPURS,2018-05-03,2020-07-16,27,28,0.022,0.785,1.215
DRINK,2018-02-07,2020-05-17,28,28,0.075,0.533,
SIZE,2018-01-06,2020-04-07,27,28,-0.15,0.301,0.0
LA,2017-12-27,2020-06-17,24,28,-0.212,0.486,0.328
BAR,2018-03-07,2020-06-04,28,28,-0.248,0.557,
ROSS,2018-04-04,2020-06-17,23,28,-0.006,0.495,0.216
TAXI,2018-04-20,2020-07-10,28,28,0.019,0.586,
FLOW,2018-01-30,2020-07-12,27,28,-0.133,0.796,1.15
SOROS,2018-01-26,2020-01-25,22,28,0.018,0.364,0.178
PRET,2018-04-18,2020-07-06,26,28,-0.133,0.398,0.341
HAUL,2017-12-25,2020-07-05,27,28,-0.024,0.697,0.0
CELL,2018-05-24,2020-07-15,26,28,0.108,0.53,0.53
SIDE,2018-01-12,2020-07-08,28,28,-0.129,0.446,
AREN,2018-03-09,2020-06-23,27,28,-0.124,0.31,0.0
GRID,2018-01-23,2020-07-03,27,28,-0.241,0.563,1.256
TABLE,2018-05-09,2020-06-18,28,28,-0.175,0.473,
HEATS,2018-04-08,2020-05-23,28,28,-0.091,0.459,
SHAPE,2018-04-19,2020-07-17,27,28,0.006,0.508,1.336
LE,2018-03-20,2020-06-16,26,28,-0.059,0.559,0.828
LINKS,2018-02-10,2020-07-14,26,28,-0.283,0.541,0.0
UAE,2018-05-11,2020-04-12,26,28,-0.06,0.581,0.814
PAUL,2017-12-17,2020-03-17,24,27,-0.277,0.442,0.176
BIAS,2018-01-23,2020-07-15,25,27,-0.433,0.427,0.612
BLOOD,2017-12-28,2020-04-30,22,27,-0.181,0.509,0.166
FANG,2018-01-26,2020-03-15,25,27,0.065,0.566,0.104
LLOYD,2018-01-22,2020-07-01,24,27,-0.149,0.458,0.244
KIA,2018-06-08,2020-07-14,24,27,-0.454,0.506,0.509
FIRED,2018-01-29,2020-06-29,25,27,-0.625,0.519,0.534
SICK,2017-12-25,2020-05-29,25,27,-0.703,0.333,0.557
LINK,2018-01-17,2020-06-30,27,27,-0.119,0.564,
SPREE,2017-12-17,2020-07-16,26,27,-0.126,0.507,0.68
DENT,2018-01-02,2020-06-25,27,27,-0.724,0.408,
IDEA,2018-01-19,2020-07-01,27,27,-0.114,0.498,
DELL,2018-07-01,2020-07-15,25,27,0.039,0.555,0.34
CATCH,2018-01-09,2020-06-14,25,27,-0.239,0.5,0.333
BOOKS,2017-12-18,2020-06-12,27,27,-0.083,0.586,
COPE,2018-06-18,2020-06-16,26,27,-0.096,0.716,0.634
MYERS,2018-05-15,2020-03-25,23,27,0.015,0.552,0.448
SENSE,2018-01-05,2020-06-23,25,27,-0.193,0.401,0.0
ALONE,2018-03-08,2020-07-15,27,27,-0.057,0.512,
AIG,2018-03-26,2020-05-12,26,27,-0.137,0.637,0.679
STICK,2018-01-22,2020-07-03,27,27,0.011,0.315,
CASTS,2018-03-16,2020-06-19,27,27,-0.706,0.336,
WORD,2018-02-16,2020-07-12,27,27,-0.142,0.361,
BASE,2018-04-22,2020-06-28,25,27,-0.017,0.666,0.01
NIGHT,2018-01-30,2020-07-17,26,27,-0.242,0.486,0.254
DRONE,2018-05-08,2020-06-15,21,26,-0.4,0.516,0.403
SPENT,2018-02-16,2020-07-16,26,26,-0.13,0.431,
ILL,2018-01-22,2020-07-18,25,26,-0.572,0.424,0.365
JONES,2017-12-17,2020-04-08,26,26,-0.273,0.581,
FRONT,2017-12-27,2020-06-29,25,26,-0.072,0.492,0.0
POT,2018-02-28,2020-03-24,25,26,-0.332,0.476,0.646
FATE,2018-02-12,2020-06-22,26,26,-0.194,0.385,
PRO,2018-03-23,2020-05-15,26,26,-0.338,0.548,
CISCO,2018-01-19,2020-06-30,24,26,0.087,0.583,0.342
FOREX,2018-05-15,2020-05-13,24,26,-0.443,0.575,0.005
LEE,2018-06-15,2020-06-11,24,26,0.069,0.36,0.0
THAI,2018-01-23,2020-06-08,25,26,-0.054,0.554,0.0
SUGAR,2018-01-05,2020-02-17,26,26,-0.103,0.575,
WALES,2017-12-25,2020-06-20,25,26,-0.321,0.627,0.018
FLOOD,2018-03-29,2020-07-14,26,26,-0.296,0.593,
QUICK,2018-03-06,2020-07-17,26,26,0.068,0.63,
IEA,2018-04-05,2020-07-10,25,26,-0.306,0.686,0.557
IAG,2018-06-05,2020-06-15,19,26,0.128,0.548,0.34
O,2018-04-22,2020-06-08,25,26,-0.141,0.485,0.678
BARS,2017-12-31,2020-07-16,21,26,-0.47,0.438,0.361
BOJ,2018-06-02,2020-07-16,22,26,-0.218,0.692,0.312
ROSE,2018-04-10,2020-04-03,24,26,0.287,0.637,0.0
GUIDE,2017-12-21,2020-04-14,25,26,-0.048,0.169,0.0
SHUN,2018-05-17,2020-07-13,26,26,-0.563,0.435,
AM,2018-03-29,2020-06-06,25,26,-0.104,0.433,0.55
WONGA,2018-08-05,2020-01-30,17,26,-0.395,0.429,0.468
STEVE,2018-01-17,2020-03-31,25,25,-0.324,0.38,
ROBOT,2018-01-11,2020-07-16,25,25,-0.151,0.436,
STAYS,2018-01-02,2020-06-29,25,25,0.049,0.628,
ELITE,2018-01-10,2020-06-16,24,25,-0.054,0.383,0.0
ALDI,2018-01-04,2020-05-19,24,25,0.096,0.619,0.444
YEN,2018-03-23,2020-03-25,25,25,-0.275,0.68,
ENTER,2018-02-09,2020-06-22,25,25,-0.194,0.449,
PEMEX,2018-09-11,2020-07-17,20,25,-0.131,0.597,0.524
HEARS,2018-03-29,2020-06-09,24,25,-0.381,0.402,0.0
INBEV,2018-05-22,2020-05-07,24,25,-0.042,0.652,0.054
ERROR,2018-02-21,2020-07-10,24,25,-0.628,0.422,0.001
SHED,2018-01-11,2020-06-30,25,25,-0.578,0.536,
SLACK,2018-04-30,2020-06-04,20,25,-0.037,0.636,0.154
SOUP,2018-04-05,2020-06-15,23,25,0.015,0.447,0.312
SENT,2018-01-11,2020-07-15,22,25,-0.312,0.587,0.001
AREA,2018-01-22,2020-06-16,25,25,-0.142,0.586,
SAN,2018-04-18,2020-05-26,25,25,-0.171,0.556,
PORK,2018-03-13,2020-05-28,24,25,-0.301,0.52,0.672
SAP,2018-03-06,2020-04-21,20,25,-0.073,0.561,0.259
FADE,2018-02-14,2020-07-15,24,25,-0.558,0.546,0.29
TAKEN,2018-02-01,2020-07-17,25,25,-0.237,0.521,
DOJ,2018-03-26,2020-07-08,24,25,-0.119,0.51,0.034
FULLY,2018-01-15,2020-07-06,23,25,0.162,0.456,0.78
BPD,2018-06-21,2020-06-17,17,25,-0.166,0.702,0.756
CAPS,2018-04-02,2020-07-17,25,25,-0.201,0.638,
AWAIT,2018-03-12,2020-07-17,24,25,-0.279,0.506,0.209
OUST,2017-12-18,2020-07-01,21,25,-0.444,0.357,0.313
HAILS,2018-01-25,2020-05-14,24,25,0.423,0.545,0.172
OP,2018-01-02,2020-07-09,23,25,-0.113,0.64,0.592
GLUT,2018-02-04,2020-06-10,23,25,-0.417,0.645,0.343
CHRIS,2017-12-31,2020-06-24,24,25,-0.263,0.436,0.0
AGED,2018-01-28,2020-07-06,24,25,-0.04,0.197,0.0
LILLY,2018-04-24,2020-06-01,23,25,0.085,0.64,0.47
KIDS,2017-12-18,2020-07-16,25,25,-0.178,0.365,
TRUTH,2018-03-23,2020-04-23,23,25,-0.087,0.238,0.0
AG,2018-01-05,2020-06-30,24,25,-0.011,0.515,0.0
KFC,2018-02-20,2020-07-13,23,25,-0.106,0.635,0.06
WORDS,2018-02-21,2020-06-27,25,25,0.094,0.348,
MULTI,2018-03-22,2020-07-07,24,25,0.31,0.533,0.556
SOLVE,2018-01-22,2020-05-21,24,24,-0.031,0.404,
ENTRY,2018-04-12,2020-07-04,22,24,-0.283,0.643,0.32
CABLE,2018-01-18,2020-07-13,22,24,-0.146,0.545,0.502
TOUCH,2018-03-01,2020-05-01,23,24,-0.015,0.607,0.117
FALSE,2018-03-11,2020-07-13,22,24,-0.749,0.223,0.227
GRIP,2018-02-14,2020-06-19,24,24,-0.27,0.722,
CHEER,2017-12-18,2020-06-11,24,24,-0.062,0.602,
TASK,2018-01-18,2020-06-06,24,24,-0.128,0.356,
LEVI,2018-04-06,2020-07-07,22,24,-0.148,0.635,1.025
IPOS,2018-04-03,2020-07-13,21,24,-0.069,0.612,0.095
HEIR,2018-03-07,2020-06-26,21,24,-0.278,0.376,0.247
WAYMO,2018-03-24,2020-06-25,23,24,-0.02,0.404,0.0
MEGA,2018-04-06,2020-06-18,24,24,-0.196,0.509,
PWC,2018-03-21,2020-05-21,19,24,-0.364,0.65,0.462
THEFT,2018-04-04,2020-02-06,22,24,-0.388,0.532,0.858
FRUIT,2018-02-12,2020-05-21,23,24,-0.193,0.551,0.12
DENTS,2018-01-04,2020-06-05,23,24,-0.787,0.502,0.31
BAGS,2018-01-11,2020-05-26,23,23,-0.046,0.597,
GREED,2018-01-16,2019-12-28,22,23,-0.344,0.409,0.399
BELT,2018-05-18,2020-07-15,17,23,-0.12,0.609,0.136
ALSO,2018-02-03,2020-07-14,23,23,0.002,0.574,
FLAG,2018-03-07,2020-07-16,23,23,-0.497,0.512,
NOTES,2018-03-23,2020-06-23,23,23,-0.162,0.325,
DIMON,2018-04-05,2020-04-06,20,23,-0.02,0.579,0.745
ICE,2018-04-18,2020-06-19,22,23,-0.176,0.484,0.0
ASOS,2018-01-26,2020-07-15,19,23,-0.06,0.685,0.331
TATA,2017-12-22,2020-06-25,20,23,-0.241,0.595,0.28
POSES,2018-03-07,2020-06-10,23,23,-0.446,0.49,
COOLS,2018-01-05,2020-06-23,23,23,-0.062,0.691,
ADDED,2018-03-22,2020-07-09,23,23,-0.053,0.655,
FLOOR,2018-03-08,2020-06-15,20,23,-0.356,0.513,0.476
WEED,2018-05-09,2020-06-16,23,23,-0.161,0.414,
TUI,2018-02-16,2020-07-16,16,23,-0.157,0.617,0.453
CYCLE,2018-02-14,2020-06-09,22,23,-0.139,0.563,0.0
PARK,2018-02-25,2020-07-03,23,23,-0.28,0.508,
CRAZY,2018-02-25,2020-05-11,18,23,-0.083,0.477,0.526
TIGHT,2018-03-21,2020-06-23,22,23,-0.381,0.552,0.645
TEVA,2018-04-09,2020-06-08,21,23,-0.219,0.584,0.2
ABE,2018-04-02,2020-04-10,19,23,0.229,0.471,0.55
IRAQ,2018-04-19,2020-03-13,20,23,-0.338,0.542,0.394
AIMED,2018-03-11,2020-05-13,23,23,0.099,0.41,
REST,2018-01-30,2020-06-25,23,23,-0.186,0.569,
OPEL,2018-03-27,2020-06-01,21,23,-0.181,0.609,0.014
PETER,2017-12-17,2020-05-31,21,23,-0.162,0.303,0.0
FARMS,2017-12-21,2020-05-21,22,23,-0.146,0.541,0.0
EQUAL,2018-01-28,2020-07-14,23,23,-0.324,0.551,
OHIO,2018-07-30,2020-07-08,21,23,-0.388,0.519,0.329
REIN,2018-03-13,2020-06-28,23,23,-0.358,0.557,
HILL,2018-02-20,2020-05-21,21,23,-0.299,0.528,0.53
ONS,2017-12-22,2020-07-09,23,23,-0.132,0.777,
RIDES,2018-04-19,2020-06-03,22,22,0.138,0.633,
SWEET,2018-01-26,2020-06-25,21,22,0.117,0.43,0.0
AMS,2018-11-15,2020-06-26,16,22,0.087,0.508,0.284
SEATS,2018-01-25,2020-06-24,20,22,-0.133,0.529,0.0
STAMP,2018-01-03,2020-07-15,20,22,-0.297,0.497,0.767
SWIFT,2018-01-14,2020-06-10,22,22,-0.076,0.533,
RAMPS,2018-04-23,2020-06-29,22,22,0.357,0.622,
FRET,2018-04-18,2020-07-17,22,22,-0.808,0.272,
JAIL,2018-04-18,2019-12-20,19,22,-0.59,0.341,0.449
MP,2017-12-22,2020-07-15,21,22,-0.491,0.534,0.414
LURE,2018-04-25,2020-07-16,21,22,0.146,0.432,0.64
RIP,2018-01-10,2020-05-11,20,22,-0.434,0.484,0.651
ISS,2018-04-05,2020-07-15,21,22,-0.131,0.385,0.526
MET,2018-02-01,2020-05-15,22,22,-0.005,0.393,
FLOAT,2018-03-29,2020-06-03,22,22,0.04,0.41,
RAPID,2018-02-08,2020-06-24,22,22,0.187,0.649,
STEAM,2018-02-12,2020-07-09,19,22,0.072,0.858,0.45
ARMS,2018-03-07,2020-07-14,22,22,-0.137,0.684,
REPO,2019-07-11,2020-03-30,19,22,-0.177,0.485,0.571
SHE,2018-01-23,2020-07-13,22,22,-0.287,0.541,
BOOTS,2017-12-28,2020-07-09,19,22,-0.37,0.54,0.004
DIVES,2018-03-22,2020-06-24,22,22,-0.781,0.377,
FAVOR,2018-04-10,2020-07-16,21,22,-0.089,0.385,0.361
NXP,2018-03-28,2018-12-03,16,22,-0.025,0.608,0.404
OSRAM,2019-02-13,2020-06-26,15,22,0.164,0.363,0.385
NOBLE,2018-04-09,2019-08-21,22,22,-0.164,0.588,
WILD,2018-01-19,2020-06-10,22,22,-0.103,0.479,
CRIME,2018-03-23,2020-07-07,22,22,-0.363,0.453,
TIMS,2018-01-02,2020-07-15,22,22,-0.389,0.435,
KICKS,2018-01-14,2020-07-14,21,22,-0.069,0.664,0.071
KHAN,2018-01-11,2019-11-10,21,22,-0.301,0.38,0.425
BOE,2019-02-12,2020-04-17,19,22,-0.107,0.632,0.424
ANNA,2018-01-02,2020-07-15,22,22,-0.389,0.435,
DISH,2018-03-26,2020-05-07,22,22,-0.029,0.51,
DHABI,2018-04-11,2020-07-15,20,21,-0.229,0.581,0.182
RENTS,2018-02-12,2020-06-17,21,21,-0.176,0.788,
FORM,2018-02-16,2020-06-06,21,21,-0.039,0.468,
SHEET,2018-06-27,2020-07-03,17,21,-0.081,0.655,0.255
LYNCH,2018-08-30,2020-02-06,19,21,-0.179,0.417,0.634
VIEWS,2018-03-21,2020-06-05,21,21,-0.098,0.647,
GATES,2018-01-12,2020-07-16,20,21,-0.054,0.477,0.0
VITAL,2017-12-30,2020-05-13,21,21,0.132,0.543,
LG,2018-05-02,2020-01-07,21,21,-0.383,0.681,
OREAL,2018-06-12,2020-07-02,19,21,0.029,0.718,0.674
GRIM,2018-07-26,2020-07-18,21,21,-0.325,0.637,
HMRC,2018-01-19,2020-04-08,21,21,-0.404,0.628,
EMAIL,2017-12-18,2020-07-10,19,21,-0.388,0.475,0.207
TWICE,2018-02-08,2020-06-02,20,21,-0.145,0.466,0.032
SKODA,2018-04-04,2020-07-09,21,21,-0.297,0.753,
GUCCI,2018-01-10,2020-06-19,20,21,0.19,0.682,0.622
ABBV,2018-01-31,2020-02-18,17,21,0.016,0.644,0.607
BED,2018-02-19,2020-05-19,19,21,-0.401,0.452,0.273
BLEAK,2018-05-18,2020-06-25,21,21,-0.811,0.34,
MATCH,2018-04-26,2020-06-29,21,21,0.043,0.651,
HASN,2017-12-30,2020-06-17,21,21,-0.166,0.41,
BAY,2018-03-28,2020-03-17,21,21,-0.083,0.613,
FLAWS,2018-01-04,2020-04-08,20,21,-0.56,0.389,0.035
AREAS,2018-03-26,2020-07-18,20,21,-0.279,0.637,0.0
FAITH,2018-02-08,2020-07-12,21,21,-0.032,0.666,
TRIES,2018-01-14,2020-06-05,21,21,-0.14,0.591,
BELL,2018-01-17,2020-06-11,21,21,-0.093,0.595,
PROVE,2018-03-18,2020-06-17,20,21,0.142,0.61,0.665
TANK,2018-01-22,2020-06-04,20,21,-0.46,0.526,0.624
FIXED,2018-03-20,2020-04-29,21,21,-0.208,0.463,
SWAP,2018-05-16,2020-06-25,19,21,-0.061,0.525,0.392
TOWNS,2018-01-14,2020-07-17,21,21,-0.205,0.652,
TRIMS,2018-03-22,2020-07-16,20,21,-0.411,0.574,0.373
LAYS,2018-04-10,2020-05-21,21,21,-0.448,0.607,
ABU,2018-04-11,2020-07-15,20,21,-0.229,0.581,0.182
FADES,2018-03-20,2020-05-12,21,21,-0.491,0.503,
APPLY,2018-06-04,2020-07-10,21,21,-0.022,0.452,
TOUR,2018-04-09,2020-07-10,20,21,-0.26,0.406,1.286
TRANS,2018-01-25,2020-03-18,21,21,-0.094,0.502,
CARRY,2018-02-19,2020-07-17,21,21,0.051,0.391,
WEB,2018-02-19,2020-06-24,21,21,-0.331,0.484,
LARRY,2018-03-15,2020-06-23,20,21,-0.061,0.376,0.0
PLUG,2018-02-20,2020-07-02,21,21,-0.308,0.475,
GIFT,2017-12-22,2020-07-14,21,21,0.213,0.315,
IFS,2018-01-16,2020-07-16,17,21,-0.496,0.554,0.351
PLEA,2018-01-10,2020-06-29,21,21,-0.318,0.388,
LEARN,2018-02-06,2020-07-07,20,20,-0.031,0.281,
MASK,2018-11-22,2020-07-15,20,20,-0.092,0.362,
BHS,2018-01-09,2020-01-14,18,20,-0.418,0.436,0.516
SHEDS,2018-05-31,2020-07-17,19,20,-0.558,0.599,0.014
DIE,2018-03-07,2020-06-24,20,20,-0.213,0.52,
CAME,2018-02-03,2020-07-13,19,20,-0.107,0.529,0.0
LOUIS,2018-03-27,2020-01-30,19,20,0.108,0.501,0.423
VAN,2018-04-04,2020-06-10,18,20,0.056,0.454,0.541
SOUR,2018-04-02,2020-06-12,20,20,-0.778,0.341,
LIU,2018-05-17,2020-02-13,18,20,0.021,0.417,0.333
VALE,2018-06-28,2020-01-08,18,20,-0.405,0.489,0.044
SERVE,2018-05-16,2020-07-18,20,20,0.126,0.394,
DRAFT,2018-06-08,2020-07-10,19,20,-0.047,0.268,0.0
SORRY,2018-01-10,2020-05-05,20,20,-0.387,0.507,
DIDN,2018-02-01,2020-06-21,20,20,-0.226,0.418,
CITGO,2018-07-05,2020-03-01,19,20,-0.135,0.515,0.672
CARGO,2018-04-11,2020-06-05,20,20,-0.185,0.69,
GLASS,2018-04-05,2020-06-18,18,20,-0.088,0.372,0.0
LOWE,2018-02-28,2020-05-20,15,20,-0.123,0.595,0.791
HEAR,2018-03-07,2020-06-08,19,20,-0.178,0.313,0.657
TINTO,2018-04-09,2020-07-09,20,20,-0.052,0.572,
TREAT,2018-01-31,2020-06-17,20,20,-0.152,0.57,
TOY,2017-12-22,2020-05-26,20,20,-0.281,0.59,
TIPS,2018-01-02,2020-06-10,20,20,-0.26,0.575,
FARE,2018-01-02,2020-05-29,19,20,-0.288,0.552,0.185
AGO,2017-12-20,2020-06-24,20,20,-0.271,0.629,
AUDIO,2017-12-22,2020-07-15,19,20,-0.161,0.292,0.606
AWARD,2018-02-01,2020-07-15,20,20,-0.116,0.705,
IMAGE,2018-01-08,2020-06-29,20,20,-0.006,0.633,
BIT,2018-01-26,2020-07-04,18,20,0.068,0.506,0.0
STEEP,2018-01-23,2020-07-16,19,20,-0.446,0.679,0.012
TASTE,2018-02-03,2020-05-07,20,20,-0.043,0.423,
BEAST,2018-01-02,2020-02-06,17,20,-0.343,0.617,0.339
HURTS,2018-05-25,2020-05-19,20,20,-0.592,0.611,
CROSS,2018-02-10,2020-07-08,20,20,-0.284,0.587,
YES,2018-02-25,2020-03-26,17,20,-0.095,0.361,0.595
EXEC,2018-06-06,2020-06-03,20,20,-0.12,0.374,
BATH,2018-01-10,2020-07-02,18,20,-0.461,0.445,0.273
PARKS,2017-12-28,2020-06-19,19,20,-0.042,0.552,0.075
FLEE,2018-03-23,2020-07-07,19,19,-0.623,0.39,
FX,2018-09-18,2020-07-14,18,19,-0.245,0.664,0.29
B,2018-01-05,2020-06-24,18,19,0.023,0.562,0.036
DYSON,2018-03-07,2020-05-21,16,19,0.001,0.34,0.0
LIDL,2018-02-12,2020-06-12,19,19,0.05,0.347,
DAM,2018-05-18,2020-06-30,17,19,-0.447,0.472,0.368
BOFA,2018-04-10,2020-07-14,19,19,0.074,0.646,
COSTA,2018-01-18,2020-03-06,14,19,-0.048,0.531,0.508
CHART,2018-05-15,2020-06-04,19,19,-0.167,0.661,
ROKU,2018-05-10,2020-04-22,19,19,-0.27,0.548,
SEX,2018-01-28,2020-07-12,19,19,-0.356,0.44,
TIED,2018-04-24,2020-07-09,18,19,-0.473,0.533,0.619
KEPT,2018-03-02,2020-07-01,19,19,-0.278,0.379,
HK,2018-04-09,2020-07-09,19,19,-0.251,0.484,
GUY,2018-04-13,2020-05-21,19,19,-0.05,0.379,
SIDES,2018-01-19,2020-06-16,19,19,-0.475,0.4,
FEVER,2018-03-13,2020-07-10,19,19,-0.225,0.595,
KILL,2018-01-14,2020-05-02,19,19,-0.459,0.455,
BEARS,2018-05-21,2020-05-04,18,19,-0.353,0.413,0.0
CZECH,2018-08-03,2020-04-14,19,19,-0.459,0.45,
ALERT,2018-03-22,2020-06-29,19,19,-0.336,0.497,
PENCE,2019-02-13,2020-07-07,16,19,0.229,0.453,0.218
TEPID,2018-01-30,2020-06-26,19,19,-0.429,0.669,
FILL,2018-02-01,2020-07-16,18,19,0.097,0.518,0.135
LANDS,2018-03-25,2020-07-15,18,19,0.112,0.545,0.0
RAGE,2017-12-21,2020-06-03,19,19,-0.525,0.429,
MULL,2018-04-25,2020-06-12,19,19,-0.266,0.603,
PARES,2018-04-09,2020-06-25,18,19,-0.202,0.82,0.061
CODE,2017-12-20,2020-07-06,18,19,-0.243,0.469,0.562
ROUTE,2018-03-18,2020-05-06,19,19,-0.303,0.555,
SPELL,2018-04-28,2020-05-25,19,19,-0.536,0.524,
YUM,2018-08-02,2020-07-13,19,19,-0.097,0.649,
DIDI,2018-04-24,2020-05-29,19,19,-0.207,0.515,
MAIRE,2018-03-20,2020-05-28,18,19,0.03,0.608,1.13
VAT,2018-01-06,2020-07-15,17,19,-0.403,0.533,0.555
BROKE,2018-01-25,2020-06-16,19,19,-0.293,0.585,
DEERE,2018-03-21,2020-05-22,19,19,-0.088,0.723,
LORD,2017-12-31,2020-05-24,16,19,-0.262,0.572,0.384
STARS,2018-02-12,2020-07-06,18,19,-0.036,0.433,0.462
AMP,2018-04-16,2020-03-09,15,19,-0.604,0.412,0.313
BIKES,2017-12-28,2020-07-06,19,19,0.023,0.602,
MALE,2018-01-24,2020-02-27,17,18,-0.211,0.348,0.262
SAW,2018-04-11,2020-07-02,17,18,0.266,0.69,0.003
ROCK,2018-01-31,2020-06-17,18,18,-0.174,0.535,
NYT,2018-05-18,2020-06-15,17,18,-0.142,0.427,0.49
FILMS,2018-01-16,2020-05-11,18,18,-0.149,0.479,
CIVIL,2018-04-02,2020-07-08,18,18,-0.145,0.689,
AMGEN,2018-04-24,2020-04-30,15,18,-0.112,0.564,0.202
MGM,2018-05-03,2020-05-27,17,18,0.096,0.489,0.142
AETNA,2018-07-12,2020-02-04,17,18,-0.191,0.6,0.662
SHRUG,2018-02-16,2020-06-03,17,18,0.106,0.658,0.447
TELCO,2018-04-17,2020-06-04,17,18,-0.207,0.64,0.0
MACAU,2018-01-12,2020-07-14,15,18,-0.19,0.56,0.0
INTU,2018-04-18,2020-06-27,17,18,-0.589,0.536,0.593
POSE,2018-03-11,2020-04-16,18,18,-0.521,0.537,
FBI,2017-12-25,2020-07-16,17,18,-0.454,0.372,0.454
KOHL,2018-01-10,2020-06-11,17,18,-0.199,0.699,0.127
BOSCH,2018-04-20,2020-05-27,17,18,-0.255,0.523,1.27
AIDE,2018-03-29,2020-06-11,18,18,-0.238,0.36,
SYRIA,2018-04-11,2019-11-13,13,18,-0.324,0.466,0.548
DAIRY,2018-05-23,2020-04-04,18,18,-0.444,0.471,
SOUND,2018-02-21,2020-07-14,18,18,-0.337,0.515,
TRIP,2018-02-25,2020-06-14,18,18,-0.161,0.507,
DATES,2018-05-21,2020-05-22,17,18,0.0,0.0,0.0
RAID,2018-03-20,2020-07-01,18,18,-0.602,0.389,
TRIM,2018-03-21,2020-05-30,18,18,-0.425,0.534,
MOODY,2018-04-04,2020-07-10,18,18,-0.561,0.539,
EARN,2018-01-04,2020-01-15,18,18,-0.238,0.398,
LIBYA,2018-04-23,2020-07-10,15,18,-0.127,0.642,0.842
VOW,2018-04-10,2020-06-10,18,18,-0.113,0.675,
FACTS,2018-01-28,2020-03-02,18,18,-0.17,0.463,
PUB,2018-01-14,2020-07-09,18,18,-0.183,0.485,
WALK,2018-01-11,2020-07-01,18,18,-0.537,0.453,
LEGO,2018-03-02,2020-07-01,16,18,-0.053,0.635,0.272
TANKS,2018-02-07,2020-05-07,16,18,-0.456,0.477,0.248
NMC,2019-08-21,2020-07-10,15,18,-0.449,0.403,0.276
EPA,2017-12-18,2020-07-10,18,18,-0.083,0.503,
SAGA,2018-04-20,2020-06-24,18,18,-0.294,0.431,
ADOBE,2018-06-14,2020-01-27,15,18,0.153,0.562,0.616
GRAFT,2018-03-28,2020-07-17,18,18,-0.434,0.414,
SNAPS,2017-12-19,2020-07-15,18,18,-0.352,0.61,
BURN,2018-09-06,2020-06-12,17,17,-0.259,0.751,
VIRAL,2018-04-03,2020-06-04,16,17,-0.286,0.502,0.652
BOXES,2018-08-09,2020-06-07,10,17,-0.132,0.291,0.223
COHEN,2018-04-03,2020-07-17,17,17,-0.396,0.441,
CREAM,2018-05-18,2020-07-02,17,17,-0.051,0.303,
AMD,2018-04-09,2020-05-29,16,17,-0.004,0.738,0.006
SNUB,2018-03-27,2020-05-28,17,17,-0.619,0.417,
BROAD,2018-04-15,2020-06-29,17,17,0.213,0.682,
ULTRA,2018-02-03,2020-03-04,17,17,0.022,0.425,
BUMP,2018-01-19,2020-06-29,17,17,-0.298,0.672,
TSMC,2018-04-19,2020-06-22,14,17,-0.229,0.638,0.702
WIDEN,2018-01-21,2020-06-22,17,17,-0.179,0.75,
DEBTS,2018-01-23,2020-07-10,17,17,-0.719,0.354,
SPUR,2018-01-12,2020-06-16,17,17,0.125,0.752,
SOY,2018-04-04,2020-07-17,16,17,-0.282,0.491,1.341
CIGNA,2018-03-08,2020-02-07,16,17,0.145,0.622,0.575
BROWN,2018-03-08,2020-07-03,15,17,0.001,0.47,0.355
MOOD,2018-05-01,2020-07-15,16,17,-0.318,0.62,0.918
FITCH,2018-04-11,2020-06-27,16,17,-0.338,0.596,0.416
NHK,2018-04-19,2020-04-25,16,17,-0.049,0.437,0.568
NICE,2018-02-01,2020-05-13,17,17,0.143,0.364,
AXES,2018-01-09,2020-07-15,16,17,-0.608,0.43,0.07
MILK,2018-02-01,2020-07-15,16,17,-0.272,0.48,0.684
BAIN,2018-05-17,2020-07-09,17,17,0.098,0.481,
HAT,2018-06-21,2019-09-12,15,17,0.09,0.5,0.87
PRIZE,2018-02-16,2020-06-29,15,17,0.089,0.377,0.073
ANT,2018-04-11,2020-07-09,16,17,0.094,0.259,0.0
BOLD,2018-01-19,2020-07-06,17,17,0.174,0.462,
IRON,2018-01-02,2020-06-03,16,17,-0.21,0.701,0.018
MIX,2017-12-18,2020-06-25,17,17,-0.155,0.466,
EVE,2017-12-30,2020-07-17,17,17,-0.325,0.615,
FORMS,2018-04-22,2020-06-10,17,17,-0.048,0.35,
HACK,2018-08-10,2020-07-17,12,17,-0.473,0.393,0.422
SHOT,2018-03-07,2020-06-06,17,17,-0.005,0.489,
MODE,2018-01-04,2020-05-11,17,17,0.107,0.544,
MENG,2018-12-06,2020-05-28,12,17,-0.34,0.401,0.182
RURAL,2018-05-31,2020-07-08,17,17,-0.127,0.649,
LIMBO,2018-01-12,2020-07-09,15,17,-0.741,0.336,0.095
FIT,2018-01-08,2020-07-18,17,17,0.08,0.231,
MLN,2019-03-11,2020-06-15,15,16,0.159,0.715,0.683
ELI,2018-06-11,2020-06-01,16,16,-0.025,0.707,
METAL,2018-01-16,2020-07-12,16,16,-0.123,0.616,
SSE,2018-03-12,2020-06-17,16,16,-0.273,0.726,
MESS,2018-01-30,2020-07-14,16,16,-0.485,0.414,
MENU,2018-01-16,2020-05-26,16,16,-0.134,0.639,
EATS,2018-09-23,2020-07-09,16,16,-0.304,0.521,
METOO,2018-01-24,2019-12-26,16,16,-0.261,0.402,
WIPES,2018-02-03,2020-06-24,16,16,-0.755,0.416,
MODI,2018-01-23,2020-02-26,16,16,-0.144,0.682,
PMI,2018-07-01,2020-06-30,14,16,-0.39,0.531,0.993
BLAST,2018-03-14,2020-07-08,16,16,-0.685,0.35,
CAST,2018-04-27,2020-07-14,16,16,-0.558,0.513,
PIG,2018-07-17,2020-06-16,15,16,-0.255,0.513,0.491
PILE,2018-06-01,2020-06-11,16,16,-0.546,0.558,
WEAR,2018-10-12,2020-07-16,13,16,-0.033,0.395,0.0
OFFS,2018-02-09,2020-06-26,15,16,-0.474,0.625,0.0
PORTS,2018-01-24,2020-04-22,16,16,-0.376,0.54,
FLOWS,2018-09-18,2020-06-18,16,16,-0.182,0.664,
LEAP,2018-02-27,2020-03-27,16,16,0.336,0.589,
PROOF,2018-03-02,2020-05-22,16,16,0.067,0.304,
TAME,2019-01-15,2020-01-14,15,16,0.264,0.626,1.165
EY,2018-11-26,2020-06-26,15,16,-0.579,0.39,0.181
CLOCK,2018-01-02,2020-07-16,16,16,-0.025,0.562,
LIES,2018-01-21,2020-01-21,15,16,-0.144,0.406,0.367
MEALS,2018-01-16,2020-07-09,16,16,0.155,0.338,
WENDY,2018-03-26,2020-05-05,15,16,-0.179,0.58,0.0
SHIPS,2018-04-20,2020-06-19,14,16,-0.21,0.428,0.263
SHORE,2018-05-22,2020-07-10,15,16,0.518,0.483,0.605
VANS,2018-04-18,2020-06-18,16,16,0.033,0.505,
GENE,2018-04-09,2020-05-22,15,16,-0.0,0.513,0.0
ANZ,2018-05-07,2019-10-08,13,16,-0.735,0.353,0.302
GAVE,2018-02-27,2020-05-15,16,16,-0.088,0.333,
Y,2018-04-11,2020-07-13,16,16,-0.148,0.737,
SLAM,2018-01-30,2020-07-16,16,16,-0.549,0.492,
MALL,2017-12-17,2020-06-10,15,16,-0.083,0.58,0.0
SKIN,2018-02-22,2020-07-10,15,16,0.104,0.275,0.0
ABLE,2018-02-19,2020-07-16,16,16,0.195,0.593,
SAS,2018-04-13,2020-05-13,15,16,-0.489,0.58,0.01
DIED,2018-02-04,2020-04-26,16,16,-0.511,0.421,
SEEMS,2018-06-07,2020-01-31,16,16,-0.192,0.298,
SAJID,2017-12-21,2020-01-22,12,15,-0.266,0.441,0.364
UTC,2018-04-26,2020-03-26,15,15,0.136,0.677,
DIGIT,2018-08-10,2020-07-17,15,15,0.374,0.764,
JEEP,2018-03-25,2020-07-06,11,15,-0.136,0.544,0.207
BAE,2018-03-07,2020-04-08,13,15,0.347,0.564,0.321
RACES,2018-05-08,2020-03-21,15,15,0.243,0.711,
DEC,2018-10-17,2019-12-27,13,15,-0.253,0.412,0.335
LETS,2018-06-21,2020-04-19,15,15,-0.306,0.405,
Q,2018-02-04,2020-05-13,15,15,-0.028,0.463,
SUN,2017-12-28,2020-06-12,13,15,-0.296,0.609,0.339
SLOTS,2018-07-26,2020-06-16,14,15,0.098,0.549,0.669
LINDE,2018-06-13,2018-11-28,13,15,0.17,0.478,0.208
HELL,2017-12-18,2020-06-24,15,15,-0.475,0.485,
SHINE,2018-03-12,2020-06-03,15,15,-0.207,0.605,
LAB,2017-12-21,2020-07-07,15,15,0.037,0.511,
ALONG,2018-04-28,2020-07-13,15,15,0.337,0.693,
GUARD,2018-04-22,2020-06-22,14,15,-0.249,0.349,0.0
AVIVA,2018-02-08,2020-07-06,12,15,-0.179,0.612,0.029
OFGEM,2018-01-23,2020-07-09,15,15,-0.263,0.557,
OK,2018-06-26,2020-05-22,14,15,-0.163,0.471,1.332
KYODO,2018-05-17,2020-05-22,15,15,-0.033,0.387,
PEERS,2018-01-29,2020-05-19,15,15,-0.197,0.55,
MUTED,2018-04-16,2020-06-18,15,15,-0.051,0.768,
OUSTS,2018-03-22,2020-07-13,15,15,-0.577,0.515,
WUHAN,2020-01-28,2020-05-11,11,15,-0.175,0.616,0.342
FORUM,2018-01-10,2020-07-16,14,15,-0.187,0.514,0.354
LOS,2018-05-18,2020-07-06,15,15,-0.198,0.579,
SCOTT,2018-01-15,2019-11-11,15,15,-0.224,0.438,
ARMY,2018-05-17,2020-04-24,13,15,-0.296,0.643,0.329
UNITE,2018-02-14,2020-06-17,14,15,-0.284,0.599,0.667
EGYPT,2018-05-17,2020-06-08,15,15,-0.076,0.692,
HATE,2018-02-08,2020-07-01,14,15,-0.293,0.467,0.367
NORD,2018-07-26,2020-05-28,11,14,-0.276,0.496,0.735
SPORT,2017-12-31,2020-06-02,14,14,0.121,0.309,
PUMA,2018-04-12,2020-06-30,12,14,-0.014,0.703,0.116
TAPE,2018-02-09,2020-07-14,13,14,-0.124,0.64,0.681
WH,2018-01-24,2020-05-14,13,14,-0.488,0.567,0.474
TALE,2018-03-21,2019-09-01,14,14,-0.125,0.317,
LEARY,2018-09-16,2020-06-08,14,14,-0.061,0.568,
ALLY,2018-01-28,2020-07-08,14,14,-0.284,0.351,
KNEW,2018-08-09,2019-11-15,12,14,-0.136,0.324,0.0
BLOG,2018-01-08,2020-05-12,14,14,-0.306,0.621,
URBAN,2018-02-08,2020-06-07,14,14,0.014,0.556,
DODGE,2018-03-06,2020-06-24,13,14,-0.125,0.434,0.43
PRINT,2018-01-10,2020-05-28,14,14,-0.263,0.679,
BIDEN,2019-05-21,2020-07-07,12,14,0.034,0.496,0.985
SIGHT,2018-09-20,2020-04-17,14,14,0.03,0.562,
MAC,2018-09-05,2020-06-22,14,14,-0.115,0.569,
SPARE,2018-03-20,2020-04-19,13,14,-0.202,0.583,0.091
CRAFT,2018-02-14,2020-05-04,14,14,-0.066,0.415,
GAVIN,2018-06-04,2019-12-28,12,14,-0.385,0.413,0.0
XL,2018-05-03,2020-05-12,12,14,0.06,0.58,0.439
SIZED,2018-07-24,2020-05-06,13,14,0.144,0.599,0.364
CLIFF,2018-04-04,2020-06-29,14,14,-0.426,0.59,
GROWN,2017-12-21,2020-05-21,13,14,0.016,0.437,0.679
GRAND,2018-02-08,2020-02-05,14,14,-0.405,0.551,
MAGIC,2018-03-16,2020-07-01,14,14,0.036,0.134,
SABIC,2018-07-23,2020-06-17,12,14,0.144,0.336,0.0
DEPT,2018-04-03,2020-06-23,14,14,-0.26,0.428,
OBAMA,2018-03-07,2020-05-28,13,14,-0.327,0.433,0.442
CHILL,2018-03-03,2020-07-09,14,14,-0.582,0.489,
BUCKS,2018-03-15,2020-04-15,14,14,0.151,0.827,
MARC,2018-02-28,2020-07-13,12,14,-0.169,0.313,0.58
FOMC,2018-03-21,2020-02-28,12,14,-0.02,0.274,0.0
SOLE,2018-02-06,2020-04-21,14,14,-0.122,0.311,
ROADS,2018-03-07,2020-03-18,14,14,0.042,0.499,
BOB,2018-03-30,2020-04-14,14,14,-0.274,0.397,
MR,2018-01-22,2020-06-25,14,14,-0.161,0.33,
RAY,2018-03-18,2020-04-20,12,14,-0.254,0.351,0.485
REACT,2018-04-04,2020-02-03,13,14,-0.452,0.45,0.005
TEXT,2017-12-19,2020-03-11,14,14,0.077,0.407,
GIN,2017-12-17,2020-07-04,14,14,0.256,0.423,
BOON,2018-04-05,2020-06-07,14,14,0.286,0.534,
MONZO,2017-12-18,2020-06-07,14,14,0.057,0.567,
MILAN,2018-04-16,2020-07-01,14,14,-0.322,0.513,
MILLS,2018-01-04,2020-06-09,14,14,-0.305,0.758,
PEER,2018-03-05,2020-05-05,14,14,-0.192,0.565,
RING,2018-04-12,2020-07-06,14,14,-0.219,0.479,
STEM,2018-02-12,2020-05-03,13,14,0.04,0.585,0.611
PVH,2018-03-23,2020-07-14,12,14,-0.054,0.737,0.772
MALLS,2018-06-26,2020-07-04,14,14,-0.291,0.649,
MYLAN,2018-04-13,2020-04-15,13,14,-0.419,0.601,0.0
GOLF,2018-01-24,2020-06-10,14,14,0.086,0.669,
GAUGE,2018-04-06,2020-07-02,14,14,-0.372,0.546,
CLARK,2018-03-28,2020-04-22,14,14,-0.162,0.609,
WIPE,2018-02-25,2020-06-02,14,14,-0.794,0.34,
FIZZ,2018-01-10,2020-05-07,14,14,-0.381,0.594,
TRAIL,2018-03-13,2020-07-18,13,14,-0.327,0.564,0.682
SEAL,2018-02-05,2020-05-27,14,14,0.117,0.57,
BOWS,2018-03-27,2020-07-14,13,14,-0.341,0.447,0.373
NAVY,2018-09-05,2020-03-05,13,14,0.114,0.686,0.0
USES,2018-01-11,2020-05-14,14,14,-0.081,0.417,
AL,2018-04-09,2020-04-13,13,14,0.331,0.439,0.0
LEVY,2018-02-27,2020-04-30,13,14,-0.264,0.581,0.027
BULLS,2018-06-05,2020-07-17,14,14,-0.232,0.502,
EXECS,2018-06-14,2020-07-17,14,14,-0.243,0.347,
OWES,2018-05-01,2020-05-25,12,13,-0.262,0.395,0.0
FELT,2018-05-01,2020-05-04,13,13,-0.565,0.416,
LANE,2018-02-06,2020-07-14,12,13,-0.274,0.421,0.0
USDA,2018-04-05,2020-05-21,11,13,-0.04,0.538,0.541
BAML,2018-04-17,2020-01-24,13,13,-0.194,0.376,
TOM,2017-12-31,2020-05-27,13,13,0.064,0.523,
VERGE,2018-01-12,2020-05-30,13,13,-0.483,0.589,
VEGAS,2018-05-11,2020-05-27,13,13,0.051,0.649,
FINK,2018-04-13,2020-07-17,13,13,0.065,0.626,
COTY,2018-11-12,2020-07-02,13,13,0.117,0.474,
MARA,2018-04-23,2020-04-22,13,13,0.008,0.59,
FEED,2018-04-03,2020-06-07,13,13,-0.095,0.381,
MIND,2018-06-09,2020-05-28,13,13,0.044,0.424,
LOCK,2018-05-10,2020-07-16,13,13,-0.05,0.677,
AGENT,2018-01-18,2020-03-22,13,13,-0.423,0.418,
GHOST,2018-01-14,2020-03-10,12,13,-0.353,0.395,0.635
PLOTS,2018-05-30,2020-05-14,12,13,0.039,0.416,0.0
BALL,2018-01-24,2020-01-21,13,13,-0.044,0.339,
BAT,2019-04-30,2020-04-30,13,13,-0.362,0.608,
SCOPE,2018-04-03,2020-02-22,13,13,0.278,0.633,
ADAM,2018-03-23,2020-06-05,12,13,-0.467,0.391,0.418
ANGRY,2018-02-06,2020-04-19,13,13,-0.874,0.118,
PR,2018-04-16,2020-05-02,13,13,-0.361,0.42,
PRATT,2018-03-20,2020-02-10,13,13,0.14,0.577,
STIRS,2018-06-05,2020-07-17,13,13,-0.604,0.596,
PTON,2018-02-23,2020-06-10,13,13,-0.286,0.397,
K,2018-08-17,2020-03-23,12,13,-0.167,0.503,0.666
WING,2018-01-03,2020-03-26,13,13,-0.066,0.645,
RUIN,2017-12-22,2020-06-09,13,13,-0.529,0.446,
IP,2018-03-25,2020-01-24,12,13,-0.132,0.565,0.635
EVS,2018-10-02,2020-07-14,12,13,0.09,0.212,0.0
ITEMS,2018-03-16,2020-03-27,12,13,-0.124,0.622,0.0
ELSE,2018-02-19,2020-06-29,11,13,-0.244,0.282,0.34
STAVE,2018-03-19,2020-05-12,12,13,0.028,0.679,0.0
RALPH,2018-12-04,2020-05-27,11,13,-0.014,0.7,0.674
DEFY,2018-02-08,2020-01-23,13,13,0.05,0.61,
RAPE,2017-12-21,2020-04-17,13,13,-0.547,0.53,
ENDED,2018-05-03,2020-03-13,13,13,-0.156,0.313,
ENI,2018-03-21,2020-04-10,13,13,-0.117,0.29,
ALIVE,2018-03-28,2020-01-29,13,13,-0.019,0.466,
INN,2017-12-25,2020-07-07,13,13,-0.365,0.65,
PITCH,2018-05-23,2020-05-21,13,13,-0.072,0.584,
SEIZE,2018-02-09,2020-06-12,13,13,-0.208,0.395,
HERTZ,2018-12-31,2020-06-17,13,13,-0.412,0.574,
PESO,2018-05-05,2020-06-05,11,13,-0.096,0.75,1.072
SLEEP,2018-02-19,2020-02-07,13,13,-0.233,0.366,
ALEXA,2018-04-11,2020-07-16,12,13,0.056,0.429,0.0
FAULT,2018-05-11,2020-06-08,13,13,-0.74,0.351,
CAPEX,2018-10-31,2020-07-07,13,13,-0.566,0.588,
AMEX,2018-04-18,2020-04-24,13,13,0.202,0.776,
DIG,2018-03-06,2020-05-14,12,12,-0.038,0.357,
REV,2018-09-12,2020-06-29,12,12,0.339,0.566,
DIY,2018-04-09,2020-06-28,12,12,-0.084,0.63,
ARTS,2018-07-23,2020-06-18,12,12,-0.351,0.44,
SKIES,2018-05-14,2020-04-20,12,12,0.024,0.52,
SAVES,2017-12-18,2020-06-09,11,12,0.115,0.58,0.0
YAHOO,2018-04-24,2019-12-19,11,12,-0.241,0.459,0.671
LMC,2018-03-28,2020-06-26,12,12,-0.525,0.8,
EN,2018-04-09,2020-01-06,10,12,-0.261,0.37,0.607
SEALS,2018-01-03,2020-02-13,12,12,0.586,0.374,
DOG,2018-03-14,2020-06-22,11,12,-0.221,0.385,0.109
GEARS,2018-04-11,2020-07-14,12,12,0.169,0.507,
CON,2018-05-12,2020-07-15,11,12,-0.255,0.38,0.671
STEER,2018-04-12,2020-07-09,12,12,0.089,0.366,
RELY,2018-06-01,2020-06-22,12,12,-0.076,0.265,
DONOR,2018-02-01,2020-06-25,12,12,-0.087,0.594,
FOOT,2018-01-18,2020-07-14,12,12,-0.139,0.576,
ROCKY,2018-03-28,2020-06-04,12,12,-0.273,0.638,
DUMP,2018-05-21,2020-06-02,12,12,-0.391,0.422,
FRANK,2018-01-21,2019-06-21,11,12,-0.266,0.431,0.328
SPEAK,2018-03-05,2020-01-22,12,12,-0.078,0.269,
SNAG,2018-04-17,2020-05-22,12,12,-0.203,0.748,
SERCO,2018-08-02,2020-06-18,12,12,-0.44,0.616,
GEMS,2018-12-21,2020-07-05,12,12,-0.077,0.265,
CMA,2018-10-04,2020-06-30,12,12,-0.216,0.612,
EBB,2018-05-04,2019-09-05,12,12,-0.643,0.465,
INSYS,2018-07-17,2020-01-23,10,12,-0.598,0.366,0.274
WRITE,2018-03-05,2020-07-07,12,12,-0.637,0.394,
HEARD,2017-12-21,2019-10-14,12,12,-0.119,0.282,
SHAME,2018-02-21,2020-04-08,12,12,-0.239,0.462,
EDF,2018-01-17,2020-04-22,12,12,-0.233,0.589,
INKS,2018-05-17,2020-06-23,12,12,0.416,0.458,
SALT,2018-04-09,2020-06-22,12,12,-0.247,0.484,
DYING,2018-02-12,2020-04-26,12,12,-0.296,0.373,
ROOTS,2018-04-09,2020-01-23,12,12,-0.05,0.174,
FEB,2019-01-29,2020-03-12,10,12,-0.308,0.611,0.124
SINO,2018-05-17,2020-05-04,12,12,-0.197,0.769,
LAKE,2018-01-24,2020-07-04,12,12,0.061,0.445,
ADM,2018-03-28,2020-01-30,12,12,-0.213,0.7,
BOOMS,2018-02-03,2020-07-06,12,12,0.114,0.8,
SWAN,2018-05-02,2020-07-01,12,12,-0.081,0.319,
HABIT,2018-08-29,2020-03-30,12,12,0.003,0.223,
PUMPS,2018-05-22,2020-06-18,12,12,0.347,0.382,
READS,2017-12-22,2020-07-10,12,12,-0.076,0.262,
KEVIN,2019-03-18,2020-05-16,11,12,-0.312,0.517,0.579
WIDER,2018-04-30,2020-06-24,12,12,-0.234,0.616,
OBR,2018-03-13,2020-07-15,11,12,-0.321,0.686,0.005
KNOWN,2018-09-05,2020-06-24,12,12,-0.134,0.314,
ORE,2018-08-08,2020-04-30,11,12,-0.33,0.853,0.018
AWARE,2018-09-05,2020-06-16,11,12,-0.079,0.263,0.0
LAURA,2018-02-16,2020-07-09,12,12,-0.303,0.571,
OKAY,2018-06-08,2020-07-14,12,12,0.391,0.427,
TENS,2018-01-14,2020-05-30,12,12,-0.701,0.365,
BNP,2018-05-04,2020-05-05,12,12,-0.403,0.55,
CURE,2018-01-04,2020-05-17,11,12,-0.024,0.517,1.279
WIZZ,2018-08-06,2020-05-11,10,12,-0.113,0.615,0.807
TRIED,2018-04-10,2020-03-17,12,12,-0.312,0.336,
PAVES,2018-06-08,2020-05-21,12,12,0.392,0.533,
MOVED,2018-09-05,2020-02-14,12,12,-0.134,0.455,
THEME,2018-06-17,2020-05-11,12,12,-0.253,0.501,
STUCK,2018-01-02,2020-07-10,12,12,-0.345,0.431,
FEUD,2018-04-10,2020-02-25,12,12,-0.522,0.403,
LABS,2018-11-13,2020-05-06,12,12,-0.201,0.515,
PACK,2018-01-14,2020-07-12,12,12,0.15,0.518,
WOO,2018-03-04,2020-06-17,12,12,0.54,0.411,
CAFES,2018-02-05,2020-07-18,12,12,-0.232,0.421,
SUING,2018-01-21,2020-05-21,12,12,-0.675,0.333,
CFTC,2018-03-22,2020-04-04,11,12,-0.687,0.369,0.0
QUIZ,2017-12-18,2020-07-13,12,12,-0.29,0.432,
WELSH,2017-12-25,2020-07-17,12,12,-0.167,0.591,
CRACK,2018-02-09,2020-03-20,11,12,-0.187,0.569,0.556
HELM,2018-03-22,2020-07-06,10,11,-0.097,0.308,0.0
HYPE,2018-04-12,2020-02-24,11,11,-0.192,0.637,
HUGO,2018-01-04,2020-07-01,11,11,-0.235,0.766,
LAS,2018-05-11,2020-05-27,11,11,0.061,0.71,
BUG,2018-09-17,2020-06-08,10,11,-0.334,0.454,0.662
ADAPT,2018-03-18,2020-05-19,11,11,0.178,0.31,
JEDI,2018-10-03,2020-04-18,10,11,-0.333,0.598,0.45
GREEK,2018-02-22,2019-10-31,11,11,-0.078,0.622,
LOTS,2018-09-19,2020-07-14,11,11,-0.186,0.407,
GRAIN,2018-04-20,2019-11-28,10,11,-0.567,0.485,0.423
GOU,2019-04-15,2019-12-03,10,11,-0.053,0.169,0.0
WINGS,2018-07-18,2020-06-09,11,11,0.082,0.55,
GOOSE,2018-03-21,2020-05-21,10,11,0.064,0.752,0.369
BUOY,2018-10-29,2020-03-27,11,11,0.657,0.36,
WIPED,2018-01-31,2020-07-06,11,11,-0.779,0.385,
IRAQI,2018-04-19,2020-04-12,10,11,-0.121,0.656,0.342
CAFE,2018-04-18,2020-07-02,11,11,-0.207,0.441,
ADOPT,2018-03-20,2020-05-12,11,11,0.084,0.348,
LI,2018-03-27,2020-07-11,11,11,-0.086,0.471,
LIAM,2018-02-16,2020-07-08,11,11,-0.078,0.482,
WAIVE,2018-10-12,2020-05-06,11,11,-0.239,0.646,
GOVE,2017-12-20,2020-06-19,11,11,-0.025,0.575,
COUP,2018-05-07,2020-02-07,10,11,-0.122,0.422,0.12
TAT,2018-03-16,2019-08-24,11,11,-0.522,0.637,
TIT,2018-03-16,2019-08-24,11,11,-0.522,0.637,
DAVIS,2018-01-10,2020-02-12,10,11,-0.042,0.454,0.651
SUITS,2018-07-05,2020-04-15,11,11,-0.393,0.453,
QUITE,2017-12-31,2020-07-15,11,11,0.089,0.434,
PUNCH,2018-05-09,2020-07-08,11,11,-0.147,0.647,
PUMP,2018-03-25,2020-07-17,11,11,0.234,0.332,
TACO,2018-06-04,2020-06-11,11,11,0.267,0.564,
FAN,2017-12-28,2020-07-17,11,11,-0.232,0.397,
PIPE,2018-03-05,2020-05-03,10,11,-0.121,0.573,0.051
PHOTO,2018-09-04,2020-07-13,11,11,-0.406,0.469,
CUBA,2018-07-04,2020-06-05,11,11,-0.578,0.641,
PEACE,2018-04-20,2020-07-10,11,11,0.055,0.539,
THROW,2018-01-09,2020-01-14,10,11,-0.295,0.431,0.0
TIDAL,2018-01-12,2019-12-04,10,11,-0.186,0.61,0.65
OLIVE,2017-12-21,2020-01-15,11,11,-0.133,0.639,
TINY,2017-12-22,2020-06-02,11,11,-0.112,0.397,
ETFS,2018-08-24,2020-05-12,10,11,-0.098,0.457,0.0
STOLE,2017-12-17,2019-08-08,10,11,-0.367,0.401,0.0
BEERS,2018-03-29,2019-11-21,10,11,-0.049,0.635,0.667
SACK,2018-11-19,2020-07-17,11,11,-0.927,0.035,
SLIM,2018-05-03,2020-05-31,11,11,0.11,0.615,
DRAMA,2018-01-28,2020-01-10,11,11,-0.154,0.344,
DRESS,2018-11-18,2020-06-20,11,11,0.038,0.339,
APART,2018-04-11,2020-05-15,10,11,-0.279,0.554,0.0
SCARE,2018-01-26,2020-03-13,11,11,-0.58,0.461,
SANTA,2017-12-25,2020-07-18,10,11,-0.226,0.57,0.026
SPILL,2018-04-06,2020-07-10,11,11,-0.342,0.687,
REBEL,2018-03-23,2020-05-21,11,11,-0.656,0.36,
ED,2018-03-25,2020-04-13,11,11,-0.423,0.559,
ROWE,2018-04-19,2020-07-10,11,11,-0.015,0.452,
DENY,2018-07-06,2020-07-08,11,11,-0.174,0.412,
ROOMS,2018-04-02,2020-07-13,11,11,-0.24,0.561,
RIVER,2018-05-11,2020-07-02,11,11,-0.351,0.564,
STEAL,2018-06-01,2020-04-22,11,11,-0.128,0.296,
TIP,2018-09-13,2020-05-22,11,11,-0.374,0.508,
REAP,2017-12-30,2020-04-15,11,11,0.533,0.361,
AXED,2018-02-06,2020-04-20,11,11,-0.798,0.453,
BOUND,2018-05-18,2020-06-26,11,11,-0.164,0.489,
TRIPS,2018-06-26,2020-07-13,10,11,-0.527,0.637,0.206
BORN,2018-03-04,2020-06-27,11,11,-0.073,0.36,
TWEAK,2018-08-23,2020-04-03,11,11,0.093,0.668,
MARIO,2018-01-17,2019-10-25,10,11,-0.301,0.406,0.0
NYC,2018-08-11,2020-04-06,11,11,-0.222,0.566,
FLIES,2018-01-02,2020-05-24,11,11,-0.178,0.443,
NEWLY,2018-02-19,2020-06-24,11,11,-0.148,0.652,
NAB,2018-07-20,2020-04-27,11,11,-0.602,0.478,
FLATS,2018-01-26,2019-07-16,11,11,-0.608,0.411,
MAYBE,2018-02-12,2020-03-20,11,11,0.02,0.313,
BURST,2018-02-14,2019-12-28,10,10,-0.213,0.469,
LOAD,2018-03-23,2020-04-13,10,10,0.111,0.757,
MINER,2018-05-26,2020-07-15,10,10,-0.044,0.632,
COW,2018-02-16,2020-02-15,10,10,-0.441,0.467,
LISTS,2018-01-09,2020-03-03,10,10,-0.442,0.472,
EKES,2018-04-25,2019-11-12,10,10,0.625,0.55,
ECO,2018-01-28,2020-02-21,10,10,-0.03,0.367,
IRE,2018-05-22,2019-05-22,10,10,-0.663,0.552,
EL,2018-06-04,2020-05-27,10,10,0.107,0.395,
TUC,2018-04-02,2020-02-22,10,10,-0.181,0.757,
BAER,2018-04-24,2020-06-10,10,10,-0.37,0.554,
COCOA,2018-09-19,2020-07-17,10,10,0.028,0.668,
VOTED,2017-12-20,2020-04-29,10,10,-0.18,0.465,
UGLY,2018-04-09,2020-07-13,10,10,-0.571,0.501,
MEANT,2018-01-06,2020-04-23,10,10,0.175,0.445,
SIXTH,2018-05-18,2020-07-07,10,10,-0.361,0.795,
SKID,2018-04-04,2019-12-16,10,10,-0.965,0.005,
GAPS,2018-02-22,2019-10-21,10,10,-0.323,0.626,
ZARA,2018-06-15,2020-06-24,10,10,-0.016,0.609,
HOSTS,2018-08-24,2020-07-07,10,10,0.096,0.632,
SFO,2018-02-12,2019-12-17,10,10,-0.472,0.43,
BAIDU,2018-04-27,2020-05-21,10,10,0.3,0.407,
HEFTY,2018-03-18,2020-07-08,10,10,-0.549,0.747,
SEPT,2018-09-05,2020-07-10,10,10,-0.234,0.59,
HEED,2018-07-06,2020-05-20,10,10,-0.123,0.502,
SNAGS,2018-04-12,2020-02-24,10,10,-0.196,0.824,
INCH,2018-06-28,2020-04-30,10,10,0.438,0.688,
MAYOR,2018-01-12,2020-06-28,10,10,-0.164,0.349,
SCAMS,2018-05-21,2020-06-26,10,10,-0.28,0.575,
SADIQ,2018-01-11,2019-03-26,10,10,-0.326,0.429,
MSTR,2018-05-22,2019-10-18,10,10,0.138,0.539,
JOKE,2018-01-11,2019-11-19,10,10,-0.375,0.423,
FLOCK,2017-12-27,2020-07-17,10,10,-0.014,0.503,
LAID,2018-01-17,2020-05-28,10,10,-0.918,0.108,
PLEAD,2018-12-13,2020-03-23,10,10,-0.416,0.515,
LES,2018-05-21,2020-04-11,10,10,-0.201,0.454,
PIER,2018-04-23,2020-01-06,10,10,-0.618,0.432,
LEND,2018-01-11,2020-04-26,10,10,-0.018,0.514,
PERKS,2018-07-03,2020-06-30,10,10,-0.136,0.629,
NTSB,2018-04-10,2019-11-19,10,10,-0.466,0.41,
FEET,2018-03-07,2020-03-23,10,10,-0.335,0.436,
POOL,2018-08-14,2020-05-17,10,10,0.005,0.737,
GOVT,2018-05-22,2020-07-15,10,10,-0.143,0.539,
CARL,2018-04-16,2020-03-11,10,10,0.023,0.498,
OWED,2018-01-16,2020-04-23,10,10,-0.506,0.471,
TILL,2018-04-19,2020-05-01,10,10,0.072,0.403,
NZ,2018-06-03,2020-03-09,10,10,-0.046,0.715,
LEANS,2018-09-21,2020-07-15,10,10,0.113,0.357,
TAXIS,2018-03-04,2020-05-14,10,10,-0.094,0.498,
GAY,2018-02-09,2019-08-17,10,10,-0.278,0.388,
BASIS,2018-04-04,2020-07-16,10,10,-0.065,0.461,
DASH,2018-06-28,2020-07-07,10,10,-0.352,0.638,
HARMS,2018-07-05,2020-06-24,10,10,-0.873,0.124,
STUNT,2018-01-30,2020-02-06,10,10,-0.71,0.38,
HAIL,2018-07-05,2020-04-06,10,10,-0.23,0.607,
SUB,2018-04-23,2020-06-24,10,10,-0.222,0.638,
RAGES,2018-04-16,2020-05-27,10,10,-0.523,0.497,
QUEEN,2018-01-11,2020-06-23,10,10,-0.264,0.425,
EXIST,2018-01-15,2020-07-07,10,10,-0.119,0.488,
PROP,2019-03-05,2020-04-22,10,10,0.218,0.799,
FLASH,2017-12-22,2020-03-19,10,10,-0.299,0.56,
NASA,2018-06-25,2020-07-15,10,10,0.182,0.451,
WINDS,2018-03-18,2020-07-01,10,10,-0.297,0.541,
EYED,2018-05-15,2020-07-13,10,10,0.058,0.832,
KIM,2018-06-12,2020-06-29,10,10,0.049,0.371,
KIT,2018-05-24,2020-06-20,10,10,0.075,0.547,
VIE,2018-06-15,2020-06-25,10,10,-0.194,0.521,
